Workbook

Sheet Rohdaten
A1: RunID | B1: EventFound | C1: TimeCreated | D1: NewProcessName | E1: AccountName | F1: CreatorProcessName | G1: ProcessCommandLine | H1: NewProcessId | I1: CreatorProcessId | J1: SecurityEvtx
A2: PS-A1-P0-R01 | B2: 0 | C2: - | D2: - | E2: - | F2: - | G2: - | H2: - | I2: - | J2: E:\KAPE_Runs\PS-A1-P0\PS-A1-P0-R01\KAPE\C\Windows\System32\winevt\logs\Security.evtx
A3: PS-A1-P0-R02 | B3: 0 | C3: - | D3: - | E3: - | F3: - | G3: - | H3: - | I3: - | J3: E:\KAPE_Runs\PS-A1-P0\PS-A1-P0-R02\KAPE\C\Windows\System32\winevt\logs\Security.evtx
A4: PS-A1-P0-R03 | B4: 0 | C4: - | D4: - | E4: - | F4: - | G4: - | H4: - | I4: - | J4: E:\KAPE_Runs\PS-A1-P0\PS-A1-P0-R03\KAPE\C\Windows\System32\winevt\logs\Security.evtx
A5: PS-A1-P1-R01 | B5: 1 | C5: 21.08.2026 13:05:17 | D5: C:\Windows\System32\WindowsPowerShell\v1.0\powershell.exe | E5: labadmin | F5: C:\Windows\System32\cmd.exe | G5: powershell.exe -NoProfile -ExecutionPolicy Bypass -File "C:\Lab\TestFiles\PowerShell\A1_PowerShell.ps1" | H5: 0x29c8 | I5: 0x16fc | J5: E:\KAPE_Runs\PS-A1-P1\PS-A1-P1-R01\KAPE\C\Windows\System32\winevt\logs\Security.evtx
A6: PS-A1-P1-R02 | B6: 1 | C6: 21.08.2026 13:10:41 | D6: C:\Windows\System32\WindowsPowerShell\v1.0\powershell.exe | E6: labadmin | F6: C:\Windows\System32\cmd.exe | G6: powershell.exe -NoProfile -ExecutionPolicy Bypass -File "C:\Lab\TestFiles\PowerShell\A1_PowerShell.ps1" | H6: 0x23c | I6: 0x640 | J6: E:\KAPE_Runs\PS-A1-P1\PS-A1-P1-R02\KAPE\C\Windows\System32\winevt\logs\Security.evtx
A7: PS-A1-P1-R03 | B7: 1 | C7: 21.08.2026 13:18:56 | D7: C:\Windows\System32\WindowsPowerShell\v1.0\powershell.exe | E7: labadmin | F7: C:\Windows\System32\cmd.exe | G7: powershell.exe -NoProfile -ExecutionPolicy Bypass -File "C:\Lab\TestFiles\PowerShell\A1_PowerShell.ps1" | H7: 0xd78 | I7: 0x11bc | J7: E:\KAPE_Runs\PS-A1-P1\PS-A1-P1-R03\KAPE\C\Windows\System32\winevt\logs\Security.evtx
A8: PS-A1-P2-R01 | B8: 1 | C8: 21.08.2026 15:43:54 | D8: C:\Windows\System32\WindowsPowerShell\v1.0\powershell.exe | E8: labadmin | F8: C:\Windows\System32\cmd.exe | G8: powershell.exe -NoProfile -ExecutionPolicy Bypass -File "C:\Lab\TestFiles\PowerShell\A1_PowerShell.ps1" | H8: 0x5f0 | I8: 0x1b44 | J8: E:\KAPE_Runs\PS-A1-P2\PS-A1-P2-R01\KAPE\C\Windows\System32\winevt\logs\Security.evtx
A9: PS-A1-P2-R02 | B9: 1 | C9: 21.08.2026 15:53:44 | D9: C:\Windows\System32\WindowsPowerShell\v1.0\powershell.exe | E9: labadmin | F9: C:\Windows\System32\cmd.exe | G9: powershell.exe -NoProfile -ExecutionPolicy Bypass -File "C:\Lab\TestFiles\PowerShell\A1_PowerShell.ps1" | H9: 0x2e10 | I9: 0x15f4 | J9: E:\KAPE_Runs\PS-A1-P2\PS-A1-P2-R02\KAPE\C\Windows\System32\winevt\logs\Security.evtx
A10: PS-A1-P2-R03 | B10: 1 | C10: 21.08.2026 16:01:04 | D10: C:\Windows\SysWOW64\WindowsPowerShell\v1.0\powershell.exe | E10: labadmin | F10: C:\Windows\SysWOW64\cmd.exe | G10: powershell.exe -NoProfile -ExecutionPolicy Bypass -File "C:\Lab\TestFiles\PowerShell\A1_PowerShell.ps1" | H10: 0xd34 | I10: 0x1c5c | J10: E:\KAPE_Runs\PS-A1-P2\PS-A1-P2-R03\KAPE\C\Windows\System32\winevt\logs\Security.evtx
A11: PS-A2-P0-R01 | B11: 0 | C11: - | D11: - | E11: - | F11: - | G11: - | H11: - | I11: - | J11: E:\KAPE_Runs\PS-A2-P0\PS-A2-P0-R01\KAPE\C\Windows\System32\winevt\logs\Security.evtx
A12: PS-A2-P0-R02 | B12: 0 | C12: - | D12: - | E12: - | F12: - | G12: - | H12: - | I12: - | J12: E:\KAPE_Runs\PS-A2-P0\PS-A2-P0-R02\KAPE\C\Windows\System32\winevt\logs\Security.evtx
A13: PS-A2-P0-R03 | B13: 0 | C13: - | D13: - | E13: - | F13: - | G13: - | H13: - | I13: - | J13: E:\KAPE_Runs\PS-A2-P0\PS-A2-P0-R03\KAPE\C\Windows\System32\winevt\logs\Security.evtx
... A74: CSCRIPT-A2-P2-R03 | B74: 1 | C74: 21.08.2026 19:38:13 | D74: C:\Windows\System32\cscript.exe | E74: labadmin | F74: C:\Windows\System32\cmd.exe | G74: "C:\Windows\System32\cscript.exe" //E:JScript //B //NoLogo "C:\Lab\TestFiles\Cscript\A2_Cscript.js" | H74: 0x1148 | I74: 0x1c90 | J74: E:\KAPE_Runs\CSCRIPT-A2-P2\CSCRIPT-A2-P2-R03\KAPE\C\Windows\System32\winevt\logs\Security.evtx

Sheet Run-Level bewertet
A1: Run-ID | B1: Eventzeit | C1: New Process Name | D1: Account Name | E1: Creator Process Name | F1: Process Command Line | G1: Nachweis | H1: K | I1: T | J1: U | K1: A | L1: H | M1: Kurzbegründung
A2: PS-A1-P0-R01 | B2: - | C2: - | D2: - | E2: - | F2: - | G2: 0 | H2: =IF(G2=1,2,"-") -> - | I2: =IF(G2=1,2,"-") -> - | J2: =IF(G2=1,2,"-") -> - | K2: =IF(G2=1,2,"-") -> - | L2: =IF(G2=1,1,"-") -> - | M2: Security.evtx vorhanden; kein run-spezifischer 4688-Befund für powershell.exe.
A3: PS-A1-P0-R02 | B3: - | C3: - | D3: - | E3: - | F3: - | G3: 0 | H3: =IF(G3=1,2,"-") -> - | I3: =IF(G3=1,2,"-") -> - | J3: =IF(G3=1,2,"-") -> - | K3: =IF(G3=1,2,"-") -> - | L3: =IF(G3=1,1,"-") -> - | M3: Security.evtx vorhanden; kein run-spezifischer 4688-Befund für powershell.exe.
A4: PS-A1-P0-R03 | B4: - | C4: - | D4: - | E4: - | F4: - | G4: 0 | H4: =IF(G4=1,2,"-") -> - | I4: =IF(G4=1,2,"-") -> - | J4: =IF(G4=1,2,"-") -> - | K4: =IF(G4=1,2,"-") -> - | L4: =IF(G4=1,1,"-") -> - | M4: Security.evtx vorhanden; kein run-spezifischer 4688-Befund für powershell.exe.
A5: PS-A1-P1-R01 | B5: 21.08.2026 13:05:17 | C5: C:\Windows\System32\WindowsPowerShell\v1.0\powershell.exe | D5: labadmin | E5: C:\Windows\System32\cmd.exe | F5: powershell.exe -NoProfile -ExecutionPolicy Bypass -File "C:\Lab\TestFiles\PowerShell\A1_PowerShell.ps1" | G5: 1 | H5: =IF(G5=1,2,"-") -> 2 | I5: =IF(G5=1,2,"-") -> 2 | J5: =IF(G5=1,2,"-") -> 2 | K5: =IF(G5=1,2,"-") -> 2 | L5: =IF(G5=1,1,"-") -> 1 | M5: Run-spezifischer 4688-Befund. New Process Name identifiziert die Zielkomponente direkt; Eventzeit und Account Name liefern einen direkten Zeit- und Benutzerbezug. Process Command Line und Creator Process Name dokumentieren den konkreten Aufruf einschließlich der übergebenen Argumente beziehungsweise der verwendeten Skript-, HTA-, SCT- oder JS-Datei und begründen damit A2. Die in der Kommandozeile enthaltene konkrete Eingabedatei liefert außerdem einen begrenzten source-lokalen Ziel- beziehungsweise Handlungskontext (H1). Event ID 4688 dokumentiert jedoch weder die A1-Ergebnisdatei noch den in A2 ausgeführten HTTPS-Download selbst.
A6: PS-A1-P1-R02 | B6: 21.08.2026 13:10:41 | C6: C:\Windows\System32\WindowsPowerShell\v1.0\powershell.exe | D6: labadmin | E6: C:\Windows\System32\cmd.exe | F6: powershell.exe -NoProfile -ExecutionPolicy Bypass -File "C:\Lab\TestFiles\PowerShell\A1_PowerShell.ps1" | G6: 1 | H6: =IF(G6=1,2,"-") -> 2 | I6: =IF(G6=1,2,"-") -> 2 | J6: =IF(G6=1,2,"-") -> 2 | K6: =IF(G6=1,2,"-") -> 2 | L6: =IF(G6=1,1,"-") -> 1 | M6: Run-spezifischer 4688-Befund. New Process Name identifiziert die Zielkomponente direkt; Eventzeit und Account Name liefern einen direkten Zeit- und Benutzerbezug. Process Command Line und Creator Process Name dokumentieren den konkreten Aufruf einschließlich der übergebenen Argumente beziehungsweise der verwendeten Skript-, HTA-, SCT- oder JS-Datei und begründen damit A2. Die in der Kommandozeile enthaltene konkrete Eingabedatei liefert außerdem einen begrenzten source-lokalen Ziel- beziehungsweise Handlungskontext (H1). Event ID 4688 dokumentiert jedoch weder die A1-Ergebnisdatei noch den in A2 ausgeführten HTTPS-Download selbst.
A7: PS-A1-P1-R03 | B7: 21.08.2026 13:18:56 | C7: C:\Windows\System32\WindowsPowerShell\v1.0\powershell.exe | D7: labadmin | E7: C:\Windows\System32\cmd.exe | F7: powershell.exe -NoProfile -ExecutionPolicy Bypass -File "C:\Lab\TestFiles\PowerShell\A1_PowerShell.ps1" | G7: 1 | H7: =IF(G7=1,2,"-") -> 2 | I7: =IF(G7=1,2,"-") -> 2 | J7: =IF(G7=1,2,"-") -> 2 | K7: =IF(G7=1,2,"-") -> 2 | L7: =IF(G7=1,1,"-") -> 1 | M7: Run-spezifischer 4688-Befund. New Process Name identifiziert die Zielkomponente direkt; Eventzeit und Account Name liefern einen direkten Zeit- und Benutzerbezug. Process Command Line und Creator Process Name dokumentieren den konkreten Aufruf einschließlich der übergebenen Argumente beziehungsweise der verwendeten Skript-, HTA-, SCT- oder JS-Datei und begründen damit A2. Die in der Kommandozeile enthaltene konkrete Eingabedatei liefert außerdem einen begrenzten source-lokalen Ziel- beziehungsweise Handlungskontext (H1). Event ID 4688 dokumentiert jedoch weder die A1-Ergebnisdatei noch den in A2 ausgeführten HTTPS-Download selbst.
A8: PS-A1-P2-R01 | B8: 21.08.2026 15:43:54 | C8: C:\Windows\System32\WindowsPowerShell\v1.0\powershell.exe | D8: labadmin | E8: C:\Windows\System32\cmd.exe | F8: powershell.exe -NoProfile -ExecutionPolicy Bypass -File "C:\Lab\TestFiles\PowerShell\A1_PowerShell.ps1" | G8: 1 | H8: =IF(G8=1,2,"-") -> 2 | I8: =IF(G8=1,2,"-") -> 2 | J8: =IF(G8=1,2,"-") -> 2 | K8: =IF(G8=1,2,"-") -> 2 | L8: =IF(G8=1,1,"-") -> 1 | M8: Run-spezifischer 4688-Befund. New Process Name identifiziert die Zielkomponente direkt; Eventzeit und Account Name liefern einen direkten Zeit- und Benutzerbezug. Process Command Line und Creator Process Name dokumentieren den konkreten Aufruf einschließlich der übergebenen Argumente beziehungsweise der verwendeten Skript-, HTA-, SCT- oder JS-Datei und begründen damit A2. Die in der Kommandozeile enthaltene konkrete Eingabedatei liefert außerdem einen begrenzten source-lokalen Ziel- beziehungsweise Handlungskontext (H1). Event ID 4688 dokumentiert jedoch weder die A1-Ergebnisdatei noch den in A2 ausgeführten HTTPS-Download selbst.
A9: PS-A1-P2-R02 | B9: 21.08.2026 15:53:44 | C9: C:\Windows\System32\WindowsPowerShell\v1.0\powershell.exe | D9: labadmin | E9: C:\Windows\System32\cmd.exe | F9: powershell.exe -NoProfile -ExecutionPolicy Bypass -File "C:\Lab\TestFiles\PowerShell\A1_PowerShell.ps1" | G9: 1 | H9: =IF(G9=1,2,"-") -> 2 | I9: =IF(G9=1,2,"-") -> 2 | J9: =IF(G9=1,2,"-") -> 2 | K9: =IF(G9=1,2,"-") -> 2 | L9: =IF(G9=1,1,"-") -> 1 | M9: Run-spezifischer 4688-Befund. New Process Name identifiziert die Zielkomponente direkt; Eventzeit und Account Name liefern einen direkten Zeit- und Benutzerbezug. Process Command Line und Creator Process Name dokumentieren den konkreten Aufruf einschließlich der übergebenen Argumente beziehungsweise der verwendeten Skript-, HTA-, SCT- oder JS-Datei und begründen damit A2. Die in der Kommandozeile enthaltene konkrete Eingabedatei liefert außerdem einen begrenzten source-lokalen Ziel- beziehungsweise Handlungskontext (H1). Event ID 4688 dokumentiert jedoch weder die A1-Ergebnisdatei noch den in A2 ausgeführten HTTPS-Download selbst.
A10: PS-A1-P2-R03 | B10: 21.08.2026 16:01:04 | C10: C:\Windows\SysWOW64\WindowsPowerShell\v1.0\powershell.exe | D10: labadmin | E10: C:\Windows\SysWOW64\cmd.exe | F10: powershell.exe -NoProfile -ExecutionPolicy Bypass -File "C:\Lab\TestFiles\PowerShell\A1_PowerShell.ps1" | G10: 1 | H10: =IF(G10=1,2,"-") -> 2 | I10: =IF(G10=1,2,"-") -> 2 | J10: =IF(G10=1,2,"-") -> 2 | K10: =IF(G10=1,2,"-") -> 2 | L10: =IF(G10=1,1,"-") -> 1 | M10: Run-spezifischer 4688-Befund. New Process Name identifiziert die Zielkomponente direkt; Eventzeit und Account Name liefern einen direkten Zeit- und Benutzerbezug. Process Command Line und Creator Process Name dokumentieren den konkreten Aufruf einschließlich der übergebenen Argumente beziehungsweise der verwendeten Skript-, HTA-, SCT- oder JS-Datei und begründen damit A2. Die in der Kommandozeile enthaltene konkrete Eingabedatei liefert außerdem einen begrenzten source-lokalen Ziel- beziehungsweise Handlungskontext (H1). Event ID 4688 dokumentiert jedoch weder die A1-Ergebnisdatei noch den in A2 ausgeführten HTTPS-Download selbst.
A11: PS-A2-P0-R01 | B11: - | C11: - | D11: - | E11: - | F11: - | G11: 0 | H11: =IF(G11=1,2,"-") -> - | I11: =IF(G11=1,2,"-") -> - | J11: =IF(G11=1,2,"-") -> - | K11: =IF(G11=1,2,"-") -> - | L11: =IF(G11=1,1,"-") -> - | M11: Security.evtx vorhanden; kein run-spezifischer 4688-Befund für powershell.exe.
A12: PS-A2-P0-R02 | B12: - | C12: - | D12: - | E12: - | F12: - | G12: 0 | H12: =IF(G12=1,2,"-") -> - | I12: =IF(G12=1,2,"-") -> - | J12: =IF(G12=1,2,"-") -> - | K12: =IF(G12=1,2,"-") -> - | L12: =IF(G12=1,1,"-") -> - | M12: Security.evtx vorhanden; kein run-spezifischer 4688-Befund für powershell.exe.
A13: PS-A2-P0-R03 | B13: - | C13: - | D13: - | E13: - | F13: - | G13: 0 | H13: =IF(G13=1,2,"-") -> - | I13: =IF(G13=1,2,"-") -> - | J13: =IF(G13=1,2,"-") -> - | K13: =IF(G13=1,2,"-") -> - | L13: =IF(G13=1,1,"-") -> - | M13: Security.evtx vorhanden; kein run-spezifischer 4688-Befund für powershell.exe.
... A73: CSCRIPT-A2-P2-R03 | B73: 21.08.2026 19:38:13 | C73: C:\Windows\System32\cscript.exe | D73: labadmin | E73: C:\Windows\System32\cmd.exe | F73: "C:\Windows\System32\cscript.exe" //E:JScript //B //NoLogo "C:\Lab\TestFiles\Cscript\A2_Cscript.js" | G73: 1 | H73: =IF(G73=1,2,"-") -> 2 | I73: =IF(G73=1,2,"-") -> 2 | J73: =IF(G73=1,2,"-") -> 2 | K73: =IF(G73=1,2,"-") -> 2 | L73: =IF(G73=1,1,"-") -> 1 | M73: Run-spezifischer 4688-Befund. New Process Name identifiziert die Zielkomponente direkt; Eventzeit und Account Name liefern einen direkten Zeit- und Benutzerbezug. Process Command Line und Creator Process Name dokumentieren den konkreten Aufruf einschließlich der übergebenen Argumente beziehungsweise der verwendeten Skript-, HTA-, SCT- oder JS-Datei und begründen damit A2. Die in der Kommandozeile enthaltene konkrete Eingabedatei liefert außerdem einen begrenzten source-lokalen Ziel- beziehungsweise Handlungskontext (H1). Event ID 4688 dokumentiert jedoch weder die A1-Ergebnisdatei noch den in A2 ausgeführten HTTPS-Download selbst.

Sheet Aggregiert
A1: Komponente | B1: Aktionsklasse | C1: Logging-Profil | D1: DR | E1: K | F1: T | G1: U | H1: A | I1: H | J1: Matrixzelle
A2: PowerShell | B2: A1 | C2: P0 | D2: =COUNTIF('Run-Level bewertet'!G2:G4,1)&"/3" -> 0/3 | E2: =IF(D2="0/3","-",MIN('Run-Level bewertet'!H2:H4)) -> - | F2: =IF(D2="0/3","-",MIN('Run-Level bewertet'!I2:I4)) -> - | G2: =IF(D2="0/3","-",MIN('Run-Level bewertet'!J2:J4)) -> - | H2: =IF(D2="0/3","-",MIN('Run-Level bewertet'!K2:K4)) -> - | I2: =IF(D2="0/3","-",MIN('Run-Level bewertet'!L2:L4)) -> - | J2: =IF(D2="0/3",D2&" · -",D2&" · K"&E2&" T"&F2&" U"&G2&" A"&H2&" H"&I2) -> 0/3 · -
A3: PowerShell | B3: A1 | C3: P1 | D3: =COUNTIF('Run-Level bewertet'!G5:G7,1)&"/3" -> 3/3 | E3: =IF(D3="0/3","-",MIN('Run-Level bewertet'!H5:H7)) -> 2 | F3: =IF(D3="0/3","-",MIN('Run-Level bewertet'!I5:I7)) -> 2 | G3: =IF(D3="0/3","-",MIN('Run-Level bewertet'!J5:J7)) -> 2 | H3: =IF(D3="0/3","-",MIN('Run-Level bewertet'!K5:K7)) -> 2 | I3: =IF(D3="0/3","-",MIN('Run-Level bewertet'!L5:L7)) -> 1 | J3: =IF(D3="0/3",D3&" · -",D3&" · K"&E3&" T"&F3&" U"&G3&" A"&H3&" H"&I3) -> 3/3 · K2 T2 U2 A2 H1
A4: PowerShell | B4: A1 | C4: P2 | D4: =COUNTIF('Run-Level bewertet'!G8:G10,1)&"/3" -> 3/3 | E4: =IF(D4="0/3","-",MIN('Run-Level bewertet'!H8:H10)) -> 2 | F4: =IF(D4="0/3","-",MIN('Run-Level bewertet'!I8:I10)) -> 2 | G4: =IF(D4="0/3","-",MIN('Run-Level bewertet'!J8:J10)) -> 2 | H4: =IF(D4="0/3","-",MIN('Run-Level bewertet'!K8:K10)) -> 2 | I4: =IF(D4="0/3","-",MIN('Run-Level bewertet'!L8:L10)) -> 1 | J4: =IF(D4="0/3",D4&" · -",D4&" · K"&E4&" T"&F4&" U"&G4&" A"&H4&" H"&I4) -> 3/3 · K2 T2 U2 A2 H1
A5: PowerShell | B5: A2 | C5: P0 | D5: =COUNTIF('Run-Level bewertet'!G11:G13,1)&"/3" -> 0/3 | E5: =IF(D5="0/3","-",MIN('Run-Level bewertet'!H11:H13)) -> - | F5: =IF(D5="0/3","-",MIN('Run-Level bewertet'!I11:I13)) -> - | G5: =IF(D5="0/3","-",MIN('Run-Level bewertet'!J11:J13)) -> - | H5: =IF(D5="0/3","-",MIN('Run-Level bewertet'!K11:K13)) -> - | I5: =IF(D5="0/3","-",MIN('Run-Level bewertet'!L11:L13)) -> - | J5: =IF(D5="0/3",D5&" · -",D5&" · K"&E5&" T"&F5&" U"&G5&" A"&H5&" H"&I5) -> 0/3 · -
A6: PowerShell | B6: A2 | C6: P1 | D6: =COUNTIF('Run-Level bewertet'!G14:G16,1)&"/3" -> 3/3 | E6: =IF(D6="0/3","-",MIN('Run-Level bewertet'!H14:H16)) -> 2 | F6: =IF(D6="0/3","-",MIN('Run-Level bewertet'!I14:I16)) -> 2 | G6: =IF(D6="0/3","-",MIN('Run-Level bewertet'!J14:J16)) -> 2 | H6: =IF(D6="0/3","-",MIN('Run-Level bewertet'!K14:K16)) -> 2 | I6: =IF(D6="0/3","-",MIN('Run-Level bewertet'!L14:L16)) -> 1 | J6: =IF(D6="0/3",D6&" · -",D6&" · K"&E6&" T"&F6&" U"&G6&" A"&H6&" H"&I6) -> 3/3 · K2 T2 U2 A2 H1
A7: PowerShell | B7: A2 | C7: P2 | D7: =COUNTIF('Run-Level bewertet'!G17:G19,1)&"/3" -> 3/3 | E7: =IF(D7="0/3","-",MIN('Run-Level bewertet'!H17:H19)) -> 2 | F7: =IF(D7="0/3","-",MIN('Run-Level bewertet'!I17:I19)) -> 2 | G7: =IF(D7="0/3","-",MIN('Run-Level bewertet'!J17:J19)) -> 2 | H7: =IF(D7="0/3","-",MIN('Run-Level bewertet'!K17:K19)) -> 2 | I7: =IF(D7="0/3","-",MIN('Run-Level bewertet'!L17:L19)) -> 1 | J7: =IF(D7="0/3",D7&" · -",D7&" · K"&E7&" T"&F7&" U"&G7&" A"&H7&" H"&I7) -> 3/3 · K2 T2 U2 A2 H1
A8: Mshta | B8: A1 | C8: P0 | D8: =COUNTIF('Run-Level bewertet'!G20:G22,1)&"/3" -> 0/3 | E8: =IF(D8="0/3","-",MIN('Run-Level bewertet'!H20:H22)) -> - | F8: =IF(D8="0/3","-",MIN('Run-Level bewertet'!I20:I22)) -> - | G8: =IF(D8="0/3","-",MIN('Run-Level bewertet'!J20:J22)) -> - | H8: =IF(D8="0/3","-",MIN('Run-Level bewertet'!K20:K22)) -> - | I8: =IF(D8="0/3","-",MIN('Run-Level bewertet'!L20:L22)) -> - | J8: =IF(D8="0/3",D8&" · -",D8&" · K"&E8&" T"&F8&" U"&G8&" A"&H8&" H"&I8) -> 0/3 · -
A9: Mshta | B9: A1 | C9: P1 | D9: =COUNTIF('Run-Level bewertet'!G23:G25,1)&"/3" -> 3/3 | E9: =IF(D9="0/3","-",MIN('Run-Level bewertet'!H23:H25)) -> 2 | F9: =IF(D9="0/3","-",MIN('Run-Level bewertet'!I23:I25)) -> 2 | G9: =IF(D9="0/3","-",MIN('Run-Level bewertet'!J23:J25)) -> 2 | H9: =IF(D9="0/3","-",MIN('Run-Level bewertet'!K23:K25)) -> 2 | I9: =IF(D9="0/3","-",MIN('Run-Level bewertet'!L23:L25)) -> 1 | J9: =IF(D9="0/3",D9&" · -",D9&" · K"&E9&" T"&F9&" U"&G9&" A"&H9&" H"&I9) -> 3/3 · K2 T2 U2 A2 H1
A10: Mshta | B10: A1 | C10: P2 | D10: =COUNTIF('Run-Level bewertet'!G26:G28,1)&"/3" -> 3/3 | E10: =IF(D10="0/3","-",MIN('Run-Level bewertet'!H26:H28)) -> 2 | F10: =IF(D10="0/3","-",MIN('Run-Level bewertet'!I26:I28)) -> 2 | G10: =IF(D10="0/3","-",MIN('Run-Level bewertet'!J26:J28)) -> 2 | H10: =IF(D10="0/3","-",MIN('Run-Level bewertet'!K26:K28)) -> 2 | I10: =IF(D10="0/3","-",MIN('Run-Level bewertet'!L26:L28)) -> 1 | J10: =IF(D10="0/3",D10&" · -",D10&" · K"&E10&" T"&F10&" U"&G10&" A"&H10&" H"&I10) -> 3/3 · K2 T2 U2 A2 H1
A11: Mshta | B11: A2 | C11: P0 | D11: =COUNTIF('Run-Level bewertet'!G29:G31,1)&"/3" -> 0/3 | E11: =IF(D11="0/3","-",MIN('Run-Level bewertet'!H29:H31)) -> - | F11: =IF(D11="0/3","-",MIN('Run-Level bewertet'!I29:I31)) -> - | G11: =IF(D11="0/3","-",MIN('Run-Level bewertet'!J29:J31)) -> - | H11: =IF(D11="0/3","-",MIN('Run-Level bewertet'!K29:K31)) -> - | I11: =IF(D11="0/3","-",MIN('Run-Level bewertet'!L29:L31)) -> - | J11: =IF(D11="0/3",D11&" · -",D11&" · K"&E11&" T"&F11&" U"&G11&" A"&H11&" H"&I11) -> 0/3 · -
A12: Mshta | B12: A2 | C12: P1 | D12: =COUNTIF('Run-Level bewertet'!G32:G34,1)&"/3" -> 3/3 | E12: =IF(D12="0/3","-",MIN('Run-Level bewertet'!H32:H34)) -> 2 | F12: =IF(D12="0/3","-",MIN('Run-Level bewertet'!I32:I34)) -> 2 | G12: =IF(D12="0/3","-",MIN('Run-Level bewertet'!J32:J34)) -> 2 | H12: =IF(D12="0/3","-",MIN('Run-Level bewertet'!K32:K34)) -> 2 | I12: =IF(D12="0/3","-",MIN('Run-Level bewertet'!L32:L34)) -> 1 | J12: =IF(D12="0/3",D12&" · -",D12&" · K"&E12&" T"&F12&" U"&G12&" A"&H12&" H"&I12) -> 3/3 · K2 T2 U2 A2 H1
A13: Mshta | B13: A2 | C13: P2 | D13: =COUNTIF('Run-Level bewertet'!G35:G37,1)&"/3" -> 3/3 | E13: =IF(D13="0/3","-",MIN('Run-Level bewertet'!H35:H37)) -> 2 | F13: =IF(D13="0/3","-",MIN('Run-Level bewertet'!I35:I37)) -> 2 | G13: =IF(D13="0/3","-",MIN('Run-Level bewertet'!J35:J37)) -> 2 | H13: =IF(D13="0/3","-",MIN('Run-Level bewertet'!K35:K37)) -> 2 | I13: =IF(D13="0/3","-",MIN('Run-Level bewertet'!L35:L37)) -> 1 | J13: =IF(D13="0/3",D13&" · -",D13&" · K"&E13&" T"&F13&" U"&G13&" A"&H13&" H"&I13) -> 3/3 · K2 T2 U2 A2 H1
A14: Regsvr32 | B14: A1 | C14: P0 | D14: =COUNTIF('Run-Level bewertet'!G38:G40,1)&"/3" -> 0/3 | E14: =IF(D14="0/3","-",MIN('Run-Level bewertet'!H38:H40)) -> - | F14: =IF(D14="0/3","-",MIN('Run-Level bewertet'!I38:I40)) -> - | G14: =IF(D14="0/3","-",MIN('Run-Level bewertet'!J38:J40)) -> - | H14: =IF(D14="0/3","-",MIN('Run-Level bewertet'!K38:K40)) -> - | I14: =IF(D14="0/3","-",MIN('Run-Level bewertet'!L38:L40)) -> - | J14: =IF(D14="0/3",D14&" · -",D14&" · K"&E14&" T"&F14&" U"&G14&" A"&H14&" H"&I14) -> 0/3 · -
A15: Regsvr32 | B15: A1 | C15: P1 | D15: =COUNTIF('Run-Level bewertet'!G41:G43,1)&"/3" -> 3/3 | E15: =IF(D15="0/3","-",MIN('Run-Level bewertet'!H41:H43)) -> 2 | F15: =IF(D15="0/3","-",MIN('Run-Level bewertet'!I41:I43)) -> 2 | G15: =IF(D15="0/3","-",MIN('Run-Level bewertet'!J41:J43)) -> 2 | H15: =IF(D15="0/3","-",MIN('Run-Level bewertet'!K41:K43)) -> 2 | I15: =IF(D15="0/3","-",MIN('Run-Level bewertet'!L41:L43)) -> 1 | J15: =IF(D15="0/3",D15&" · -",D15&" · K"&E15&" T"&F15&" U"&G15&" A"&H15&" H"&I15) -> 3/3 · K2 T2 U2 A2 H1
A16: Regsvr32 | B16: A1 | C16: P2 | D16: =COUNTIF('Run-Level bewertet'!G44:G46,1)&"/3" -> 3/3 | E16: =IF(D16="0/3","-",MIN('Run-Level bewertet'!H44:H46)) -> 2 | F16: =IF(D16="0/3","-",MIN('Run-Level bewertet'!I44:I46)) -> 2 | G16: =IF(D16="0/3","-",MIN('Run-Level bewertet'!J44:J46)) -> 2 | H16: =IF(D16="0/3","-",MIN('Run-Level bewertet'!K44:K46)) -> 2 | I16: =IF(D16="0/3","-",MIN('Run-Level bewertet'!L44:L46)) -> 1 | J16: =IF(D16="0/3",D16&" · -",D16&" · K"&E16&" T"&F16&" U"&G16&" A"&H16&" H"&I16) -> 3/3 · K2 T2 U2 A2 H1
A17: Regsvr32 | B17: A2 | C17: P0 | D17: =COUNTIF('Run-Level bewertet'!G47:G49,1)&"/3" -> 0/3 | E17: =IF(D17="0/3","-",MIN('Run-Level bewertet'!H47:H49)) -> - | F17: =IF(D17="0/3","-",MIN('Run-Level bewertet'!I47:I49)) -> - | G17: =IF(D17="0/3","-",MIN('Run-Level bewertet'!J47:J49)) -> - | H17: =IF(D17="0/3","-",MIN('Run-Level bewertet'!K47:K49)) -> - | I17: =IF(D17="0/3","-",MIN('Run-Level bewertet'!L47:L49)) -> - | J17: =IF(D17="0/3",D17&" · -",D17&" · K"&E17&" T"&F17&" U"&G17&" A"&H17&" H"&I17) -> 0/3 · -
A18: Regsvr32 | B18: A2 | C18: P1 | D18: =COUNTIF('Run-Level bewertet'!G50:G52,1)&"/3" -> 3/3 | E18: =IF(D18="0/3","-",MIN('Run-Level bewertet'!H50:H52)) -> 2 | F18: =IF(D18="0/3","-",MIN('Run-Level bewertet'!I50:I52)) -> 2 | G18: =IF(D18="0/3","-",MIN('Run-Level bewertet'!J50:J52)) -> 2 | H18: =IF(D18="0/3","-",MIN('Run-Level bewertet'!K50:K52)) -> 2 | I18: =IF(D18="0/3","-",MIN('Run-Level bewertet'!L50:L52)) -> 1 | J18: =IF(D18="0/3",D18&" · -",D18&" · K"&E18&" T"&F18&" U"&G18&" A"&H18&" H"&I18) -> 3/3 · K2 T2 U2 A2 H1
A19: Regsvr32 | B19: A2 | C19: P2 | D19: =COUNTIF('Run-Level bewertet'!G53:G55,1)&"/3" -> 3/3 | E19: =IF(D19="0/3","-",MIN('Run-Level bewertet'!H53:H55)) -> 2 | F19: =IF(D19="0/3","-",MIN('Run-Level bewertet'!I53:I55)) -> 2 | G19: =IF(D19="0/3","-",MIN('Run-Level bewertet'!J53:J55)) -> 2 | H19: =IF(D19="0/3","-",MIN('Run-Level bewertet'!K53:K55)) -> 2 | I19: =IF(D19="0/3","-",MIN('Run-Level bewertet'!L53:L55)) -> 1 | J19: =IF(D19="0/3",D19&" · -",D19&" · K"&E19&" T"&F19&" U"&G19&" A"&H19&" H"&I19) -> 3/3 · K2 T2 U2 A2 H1
A20: Cscript | B20: A1 | C20: P0 | D20: =COUNTIF('Run-Level bewertet'!G56:G58,1)&"/3" -> 0/3 | E20: =IF(D20="0/3","-",MIN('Run-Level bewertet'!H56:H58)) -> - | F20: =IF(D20="0/3","-",MIN('Run-Level bewertet'!I56:I58)) -> - | G20: =IF(D20="0/3","-",MIN('Run-Level bewertet'!J56:J58)) -> - | H20: =IF(D20="0/3","-",MIN('Run-Level bewertet'!K56:K58)) -> - | I20: =IF(D20="0/3","-",MIN('Run-Level bewertet'!L56:L58)) -> - | J20: =IF(D20="0/3",D20&" · -",D20&" · K"&E20&" T"&F20&" U"&G20&" A"&H20&" H"&I20) -> 0/3 · -
A21: Cscript | B21: A1 | C21: P1 | D21: =COUNTIF('Run-Level bewertet'!G59:G61,1)&"/3" -> 3/3 | E21: =IF(D21="0/3","-",MIN('Run-Level bewertet'!H59:H61)) -> 2 | F21: =IF(D21="0/3","-",MIN('Run-Level bewertet'!I59:I61)) -> 2 | G21: =IF(D21="0/3","-",MIN('Run-Level bewertet'!J59:J61)) -> 2 | H21: =IF(D21="0/3","-",MIN('Run-Level bewertet'!K59:K61)) -> 2 | I21: =IF(D21="0/3","-",MIN('Run-Level bewertet'!L59:L61)) -> 1 | J21: =IF(D21="0/3",D21&" · -",D21&" · K"&E21&" T"&F21&" U"&G21&" A"&H21&" H"&I21) -> 3/3 · K2 T2 U2 A2 H1
A22: Cscript | B22: A1 | C22: P2 | D22: =COUNTIF('Run-Level bewertet'!G62:G64,1)&"/3" -> 3/3 | E22: =IF(D22="0/3","-",MIN('Run-Level bewertet'!H62:H64)) -> 2 | F22: =IF(D22="0/3","-",MIN('Run-Level bewertet'!I62:I64)) -> 2 | G22: =IF(D22="0/3","-",MIN('Run-Level bewertet'!J62:J64)) -> 2 | H22: =IF(D22="0/3","-",MIN('Run-Level bewertet'!K62:K64)) -> 2 | I22: =IF(D22="0/3","-",MIN('Run-Level bewertet'!L62:L64)) -> 1 | J22: =IF(D22="0/3",D22&" · -",D22&" · K"&E22&" T"&F22&" U"&G22&" A"&H22&" H"&I22) -> 3/3 · K2 T2 U2 A2 H1
A23: Cscript | B23: A2 | C23: P0 | D23: =COUNTIF('Run-Level bewertet'!G65:G67,1)&"/3" -> 0/3 | E23: =IF(D23="0/3","-",MIN('Run-Level bewertet'!H65:H67)) -> - | F23: =IF(D23="0/3","-",MIN('Run-Level bewertet'!I65:I67)) -> - | G23: =IF(D23="0/3","-",MIN('Run-Level bewertet'!J65:J67)) -> - | H23: =IF(D23="0/3","-",MIN('Run-Level bewertet'!K65:K67)) -> - | I23: =IF(D23="0/3","-",MIN('Run-Level bewertet'!L65:L67)) -> - | J23: =IF(D23="0/3",D23&" · -",D23&" · K"&E23&" T"&F23&" U"&G23&" A"&H23&" H"&I23) -> 0/3 · -
A24: Cscript | B24: A2 | C24: P1 | D24: =COUNTIF('Run-Level bewertet'!G68:G70,1)&"/3" -> 3/3 | E24: =IF(D24="0/3","-",MIN('Run-Level bewertet'!H68:H70)) -> 2 | F24: =IF(D24="0/3","-",MIN('Run-Level bewertet'!I68:I70)) -> 2 | G24: =IF(D24="0/3","-",MIN('Run-Level bewertet'!J68:J70)) -> 2 | H24: =IF(D24="0/3","-",MIN('Run-Level bewertet'!K68:K70)) -> 2 | I24: =IF(D24="0/3","-",MIN('Run-Level bewertet'!L68:L70)) -> 1 | J24: =IF(D24="0/3",D24&" · -",D24&" · K"&E24&" T"&F24&" U"&G24&" A"&H24&" H"&I24) -> 3/3 · K2 T2 U2 A2 H1
A25: Cscript | B25: A2 | C25: P2 | D25: =COUNTIF('Run-Level bewertet'!G71:G73,1)&"/3" -> 3/3 | E25: =IF(D25="0/3","-",MIN('Run-Level bewertet'!H71:H73)) -> 2 | F25: =IF(D25="0/3","-",MIN('Run-Level bewertet'!I71:I73)) -> 2 | G25: =IF(D25="0/3","-",MIN('Run-Level bewertet'!J71:J73)) -> 2 | H25: =IF(D25="0/3","-",MIN('Run-Level bewertet'!K71:K73)) -> 2 | I25: =IF(D25="0/3","-",MIN('Run-Level bewertet'!L71:L73)) -> 1 | J25: =IF(D25="0/3",D25&" · -",D25&" · K"&E25&" T"&F25&" U"&G25&" A"&H25&" H"&I25) -> 3/3 · K2 T2 U2 A2 H1
A27: Bewertungsbegründung: Das Security Event Log ist in allen drei Logging-Profilen grundsätzlich vorhanden; für Event ID 4688 ist jedoch entscheidend, ob die Überwachung der Prozesserstellung aktiviert ist. Unter P0 konnte in keinem der 24 Experimentläufe ein run-spezifischer 4688-Befund für die jeweilige Zielkomponente festgestellt werden. Diese Läufe werden deshalb als anwendbar, aber ohne Detection bewertet und ergeben für sämtliche P0-Kombinationen 0/3 · -. Unter P1 und P2 war Process Creation Auditing aktiviert; zusätzlich wurde die Aufnahme der Prozesskommandozeile konfiguriert. In allen 48 P1- und P2-Läufen konnte die jeweilige Zielkomponente durch einen run-spezifischen 4688-Befund nachgewiesen werden. Damit ergibt sich für jede Komponenten- und Aktionsklassenkombination unter P1 und P2 eine Detection Reliability von 3/3. Bei PS-A2-P2-R02 enthielt die Security.evtx zwei 4688-Ereignisse für powershell.exe. Ein Ereignis zeigte explorer.exe als Creator Process und enthielt als Kommandozeile lediglich den PowerShell-Pfad. Dieser Befund wurde nicht als run-spezifischer Hauptbefund verwendet. Für die Run-Level-Auswertung wurde das zeitlich passende Ereignis mit cmd.exe als Creator Process und der Kommandozeile mit A2_PowerShell.ps1 herangezogen. Dadurch bleibt die Detection-Logik auch bei mehreren Kandidaten auf den tatsächlich zum Experimentaufruf passenden Befund beschränkt. Der Komponentenbezug erhält K2. New Process Name enthält den vollständigen Pfad des neu gestarteten Prozesses und identifiziert powershell.exe, mshta.exe, regsvr32.exe beziehungsweise cscript.exe unmittelbar als untersuchte Zielkomponente. Der Komponentenbezug ergibt sich damit aus Event ID 4688 selbst und nicht aus experimentell vergebenen Datei- oder Run-Namen. Der Zeitbezug wird mit T2 bewertet. Jeder erfolgreiche 4688-Befund besitzt einen eigenen Ereigniszeitstempel, der dem jeweiligen Experimentlauf zeitlich zugeordnet wurde. Dadurch kann der Prozessstart innerhalb der Artefaktquelle selbst einem konkreten Run zugeordnet werden. Der Benutzerkontext erhält U2. In den erfolgreichen Befunden ist das zugehörige Benutzerkonto direkt als labadmin angegeben. Damit liegt ein unmittelbar lesbarer Benutzerbezug vor und nicht lediglich eine SID oder ein aus einem Pfad abgeleiteter Benutzerhinweis.
A28: Der Aufrufkontext wird mit A2 bewertet. Process Command Line dokumentiert bei allen erfolgreichen P1- und P2-Befunden den konkreten Prozessaufruf einschließlich der übergebenen Argumente. Je nach Komponente sind darin beispielsweise der PowerShell-Scriptpfad, die HTA-Datei, die SCT-Datei mit regsvr32-Parametern oder die JScript-Datei von cscript.exe enthalten. Zusätzlich weist Creator Process Name den erzeugenden Prozess aus, in den run-spezifischen Hauptbefunden regelmäßig cmd.exe. Damit ist innerhalb derselben Artefaktquelle nachvollziehbar, wie die jeweilige Zielkomponente gestartet wurde und welches Eingabeartefakt Bestandteil des Aufrufs war. Der Handlungskontext erhält H1. Maßgeblich ist hierbei nicht die Bedeutung der experimentell vergebenen Präfixe A1 oder A2 im Dateinamen. Stattdessen wird berücksichtigt, dass die Prozesskommandozeile die konkrete Skript-, HTA-, SCT- beziehungsweise JS-Datei nennt, die der Zielkomponente im Aufruf übergeben wird. Dadurch ist ein begrenzter source-lokaler Bezug zum Gegenstand der Ausführung vorhanden. Event ID 4688 protokolliert jedoch nur die Prozesserstellung und den Aufrufkontext. Die durch A1 erzeugte Ergebnisdatei wird darin nicht als Dateioperation dokumentiert; ebenso enthält der Befund bei A2 weder die HTTPS-Verbindung noch die heruntergeladene Datei als konkrete Netzwerk- oder Dateiaktivität. Aus dem 4688-Befund allein lässt sich daher die innerhalb des Scripts beziehungsweise der Testdatei ausgeführte Handlung nicht unmittelbar rekonstruieren. H2 wäre deshalb zu hoch, während H0 den vorhandenen konkreten Zielbezug der Kommandozeile nicht abbilden würde. Für sämtliche erfolgreichen 4688-Befunde ergibt sich damit das Profil K2 T2 U2 A2 H1. Unter P1 und P2 liefert Event ID 4688 einen direkten Komponenten-, Zeit- und Benutzerbezug sowie einen vollständigen Aufrufkontext; die konkrete innerhalb des Testartefakts ausgeführte Datei- oder Netzwerkhandlung bleibt dagegen nur begrenzt erschließbar. Bei P0 liegt kein run-spezifischer 4688-Befund vor; diese Runs werden mit Detection = 0 geführt und K/T/U/A/H werden nicht bewertet.
