Workbook

Sheet Rohdaten
A1: RunID | B1: Komponente | C1: Aktionsklasse | D1: LoggingProfil | E1: Wiederholung | F1: MFTStatus | G1: ErwarteteDatei | H1: ParentPath | I1: FileName | J1: FileSize | K1: InUse | L1: Created0x10UTC | M1: Created0x10Local | N1: SourceMFT
A2: CSCRIPT-A1-P0-R01 | B2: CSCRIPT | C2: A1 | D2: P0 | E2: R01 | F2: MFT-Eintrag vorhanden | G2: A1_Cscript_Result.txt | H2: .\Lab\Outputs\A1 | I2: A1_Cscript_Result.txt | J2: 55 | K2: TRUE | L2: 2026-08-21 10:34:08.6949207 | M2: 2026-08-21 12:34:08.6949207 | N2: E:\KAPE_Runs\CSCRIPT-A1-P0\CSCRIPT-A1-P0-R01\KAPE\C\$MFT
A3: CSCRIPT-A1-P0-R02 | B3: CSCRIPT | C3: A1 | D3: P0 | E3: R02 | F3: MFT-Eintrag vorhanden | G3: A1_Cscript_Result.txt | H3: .\Lab\Outputs\A1 | I3: A1_Cscript_Result.txt | J3: 55 | K3: TRUE | L3: 2026-08-21 10:38:57.4727276 | M3: 2026-08-21 12:38:57.4727276 | N3: E:\KAPE_Runs\CSCRIPT-A1-P0\CSCRIPT-A1-P0-R02\KAPE\C\$MFT
A4: CSCRIPT-A1-P0-R03 | B4: CSCRIPT | C4: A1 | D4: P0 | E4: R03 | F4: MFT-Eintrag vorhanden | G4: A1_Cscript_Result.txt | H4: .\Lab\Outputs\A1 | I4: A1_Cscript_Result.txt | J4: 55 | K4: TRUE | L4: 2026-08-21 10:43:22.4804932 | M4: 2026-08-21 12:43:22.4804932 | N4: E:\KAPE_Runs\CSCRIPT-A1-P0\CSCRIPT-A1-P0-R03\KAPE\C\$MFT
A5: CSCRIPT-A1-P1-R01 | B5: CSCRIPT | C5: A1 | D5: P1 | E5: R01 | F5: MFT-Eintrag vorhanden | G5: A1_Cscript_Result.txt | H5: .\Lab\Outputs\A1 | I5: A1_Cscript_Result.txt | J5: 55 | K5: TRUE | L5: 2026-08-21 12:40:20.1936218 | M5: 2026-08-21 14:40:20.1936218 | N5: E:\KAPE_Runs\CSCRIPT-A1-P1\CSCRIPT-A1-P1-R01\KAPE\C\$MFT
A6: CSCRIPT-A1-P1-R02 | B6: CSCRIPT | C6: A1 | D6: P1 | E6: R02 | F6: MFT-Eintrag vorhanden | G6: A1_Cscript_Result.txt | H6: .\Lab\Outputs\A1 | I6: A1_Cscript_Result.txt | J6: 55 | K6: TRUE | L6: 2026-08-21 12:45:19.3260917 | M6: 2026-08-21 14:45:19.3260917 | N6: E:\KAPE_Runs\CSCRIPT-A1-P1\CSCRIPT-A1-P1-R02\KAPE\C\$MFT
A7: CSCRIPT-A1-P1-R03 | B7: CSCRIPT | C7: A1 | D7: P1 | E7: R03 | F7: MFT-Eintrag vorhanden | G7: A1_Cscript_Result.txt | H7: .\Lab\Outputs\A1 | I7: A1_Cscript_Result.txt | J7: 55 | K7: TRUE | L7: 2026-08-21 12:50:00.4119058 | M7: 2026-08-21 14:50:00.4119058 | N7: E:\KAPE_Runs\CSCRIPT-A1-P1\CSCRIPT-A1-P1-R03\KAPE\C\$MFT
A8: CSCRIPT-A1-P2-R01 | B8: CSCRIPT | C8: A1 | D8: P2 | E8: R01 | F8: MFT-Eintrag vorhanden | G8: A1_Cscript_Result.txt | H8: .\Lab\Outputs\A1 | I8: A1_Cscript_Result.txt | J8: 55 | K8: TRUE | L8: 2026-08-21 16:53:28.7476111 | M8: 2026-08-21 18:53:28.7476111 | N8: E:\KAPE_Runs\CSCRIPT-A1-P2\CSCRIPT-A1-P2-R01\KAPE\C\$MFT
A9: CSCRIPT-A1-P2-R02 | B9: CSCRIPT | C9: A1 | D9: P2 | E9: R02 | F9: MFT-Eintrag vorhanden | G9: A1_Cscript_Result.txt | H9: .\Lab\Outputs\A1 | I9: A1_Cscript_Result.txt | J9: 55 | K9: TRUE | L9: 2026-08-21 17:01:51.8744989 | M9: 2026-08-21 19:01:51.8744989 | N9: E:\KAPE_Runs\CSCRIPT-A1-P2\CSCRIPT-A1-P2-R02\KAPE\C\$MFT
A10: CSCRIPT-A1-P2-R03 | B10: CSCRIPT | C10: A1 | D10: P2 | E10: R03 | F10: MFT-Eintrag vorhanden | G10: A1_Cscript_Result.txt | H10: .\Lab\Outputs\A1 | I10: A1_Cscript_Result.txt | J10: 55 | K10: TRUE | L10: 2026-08-21 17:14:02.5786488 | M10: 2026-08-21 19:14:02.5786488 | N10: E:\KAPE_Runs\CSCRIPT-A1-P2\CSCRIPT-A1-P2-R03\KAPE\C\$MFT
A11: CSCRIPT-A2-P0-R01 | B11: CSCRIPT | C11: A2 | D11: P0 | E11: R01 | F11: MFT-Eintrag vorhanden | G11: a2_download_test_v1.txt | H11: .\Lab\Outputs\A2 | I11: a2_download_test_v1.txt | J11: 125 | K11: TRUE | L11: 2026-08-21 10:47:53.9226919 | M11: 2026-08-21 12:47:53.9226919 | N11: E:\KAPE_Runs\CSCRIPT-A2-P0\CSCRIPT-A2-P0-R01\KAPE\C\$MFT
A12: CSCRIPT-A2-P0-R02 | B12: CSCRIPT | C12: A2 | D12: P0 | E12: R02 | F12: MFT-Eintrag vorhanden | G12: a2_download_test_v1.txt | H12: .\Lab\Outputs\A2 | I12: a2_download_test_v1.txt | J12: 125 | K12: TRUE | L12: 2026-08-21 10:52:27.5951894 | M12: 2026-08-21 12:52:27.5951894 | N12: E:\KAPE_Runs\CSCRIPT-A2-P0\CSCRIPT-A2-P0-R02\KAPE\C\$MFT
A13: CSCRIPT-A2-P0-R03 | B13: CSCRIPT | C13: A2 | D13: P0 | E13: R03 | F13: MFT-Eintrag vorhanden | G13: a2_download_test_v1.txt | H13: .\Lab\Outputs\A2 | I13: a2_download_test_v1.txt | J13: 125 | K13: TRUE | L13: 2026-08-21 10:57:20.2346840 | M13: 2026-08-21 12:57:20.2346840 | N13: E:\KAPE_Runs\CSCRIPT-A2-P0\CSCRIPT-A2-P0-R03\KAPE\C\$MFT
... A73: REG-A2-P2-R03 | B73: REG | C73: A2 | D73: P2 | E73: R03 | F73: MFT-Eintrag vorhanden | G73: a2_download_test_v1.txt | H73: .\Lab\Outputs\A2 | I73: a2_download_test_v1.txt | J73: 125 | K73: TRUE | L73: 2026-08-21 16:36:03.4467452 | M73: 2026-08-21 18:36:03.4467452 | N73: E:\KAPE_Runs\REG-A2-P2\REG-A2-P2-R03\KAPE\C\$MFT

Sheet Run-Level bewertet
A1: Run-ID | B1: Komponente | C1: Aktionsklasse | D1: LoggingProfil | E1: Wiederholung | F1: MFT-Status | G1: ParentPath | H1: FileName | I1: FileSize | J1: InUse | K1: Created0x10 UTC | L1: Created0x10 lokal (+02:00) | M1: RunStart lokal (+02:00) | N1: ProcessEnd lokal (+02:00) | O1: Nachweis | P1: K | Q1: T | R1: U | S1: A | T1: H | U1: Kurzbegründung
A2: PS-A1-P0-R01 | B2: PowerShell | C2: A1 | D2: P0 | E2: R01 | F2: MFT-Eintrag vorhanden | G2: .\Lab\Outputs\A1 | H2: A1_PowerShell_Result.txt | I2: 61 | J2: TRUE | K2: 46255.354 | L2: 46255.437 | M2: 46255.437 | N2: 46255.437 | O2: =IF(AND(F2="MFT-Eintrag vorhanden",G2=IF(C2="A1",".\Lab\Outputs\A1",".\Lab\Outputs\A2"),L2>=M2,L2<=N2),1,0) -> 1 | P2: =IF(O2=1,0,"-") -> 0 | Q2: =IF(O2=1,2,"-") -> 2 | R2: =IF(O2=1,0,"-") -> 0 | S2: =IF(O2=1,0,"-") -> 0 | T2: =IF(O2=1,1,"-") -> 1 | U2: =IF(O2=0,"Kein run-spezifischer MFT-Nachweis.",_xlfn._LONGTEXT("Run-spezifischer MFT-Befund: Die erwartete Ergebnisdatei und Created0x10 liegen im Execution-Zeitraum. Die MFT stellt jedoch keine Beziehung zwischen der Datei und der ausführenden Zielkomponente her; der Dateiname ist Bestandteil des experimentellen Desi","gns und wird nicht als Komponentenbezug gewertet. Benutzer- und Aufrufkontext fehlen; die Ergebnisdatei liefert begrenzten Handlungskontext.")) -> Run-spezifischer MFT-Befund: Die erwartete Ergebnisdatei und Created0x10 liegen im Execution-Zeitraum. Die MFT stellt jedoch keine Beziehung zwischen der Datei und der ausführenden Zielkomponente her; der Dateiname ist Bestandteil des experimentellen Designs und wird nicht als Komponentenbezug gewertet. Benutzer- und Aufrufkontext fehlen; die Ergebnisdatei liefert begrenzten Handlungskontext.
A3: PS-A1-P0-R02 | B3: PowerShell | C3: A1 | D3: P0 | E3: R02 | F3: MFT-Eintrag vorhanden | G3: .\Lab\Outputs\A1 | H3: A1_PowerShell_Result.txt | I3: 61 | J3: TRUE | K3: 46255.365 | L3: 46255.449 | M3: 46255.449 | N3: 46255.449 | O3: =IF(AND(F3="MFT-Eintrag vorhanden",G3=IF(C3="A1",".\Lab\Outputs\A1",".\Lab\Outputs\A2"),L3>=M3,L3<=N3),1,0) -> 1 | P3: =IF(O3=1,0,"-") -> 0 | Q3: =IF(O3=1,2,"-") -> 2 | R3: =IF(O3=1,0,"-") -> 0 | S3: =IF(O3=1,0,"-") -> 0 | T3: =IF(O3=1,1,"-") -> 1 | U3: =IF(O3=0,"Kein run-spezifischer MFT-Nachweis.",_xlfn._LONGTEXT("Run-spezifischer MFT-Befund: Die erwartete Ergebnisdatei und Created0x10 liegen im Execution-Zeitraum. Die MFT stellt jedoch keine Beziehung zwischen der Datei und der ausführenden Zielkomponente her; der Dateiname ist Bestandteil des experimentellen Desi","gns und wird nicht als Komponentenbezug gewertet. Benutzer- und Aufrufkontext fehlen; die Ergebnisdatei liefert begrenzten Handlungskontext.")) -> Run-spezifischer MFT-Befund: Die erwartete Ergebnisdatei und Created0x10 liegen im Execution-Zeitraum. Die MFT stellt jedoch keine Beziehung zwischen der Datei und der ausführenden Zielkomponente her; der Dateiname ist Bestandteil des experimentellen Designs und wird nicht als Komponentenbezug gewertet. Benutzer- und Aufrufkontext fehlen; die Ergebnisdatei liefert begrenzten Handlungskontext.
A4: PS-A1-P0-R03 | B4: PowerShell | C4: A1 | D4: P0 | E4: R03 | F4: MFT-Eintrag vorhanden | G4: .\Lab\Outputs\A1 | H4: A1_PowerShell_Result.txt | I4: 61 | J4: TRUE | K4: 46255.369 | L4: 46255.452 | M4: 46255.452 | N4: 46255.452 | O4: =IF(AND(F4="MFT-Eintrag vorhanden",G4=IF(C4="A1",".\Lab\Outputs\A1",".\Lab\Outputs\A2"),L4>=M4,L4<=N4),1,0) -> 1 | P4: =IF(O4=1,0,"-") -> 0 | Q4: =IF(O4=1,2,"-") -> 2 | R4: =IF(O4=1,0,"-") -> 0 | S4: =IF(O4=1,0,"-") -> 0 | T4: =IF(O4=1,1,"-") -> 1 | U4: =IF(O4=0,"Kein run-spezifischer MFT-Nachweis.",_xlfn._LONGTEXT("Run-spezifischer MFT-Befund: Die erwartete Ergebnisdatei und Created0x10 liegen im Execution-Zeitraum. Die MFT stellt jedoch keine Beziehung zwischen der Datei und der ausführenden Zielkomponente her; der Dateiname ist Bestandteil des experimentellen Desi","gns und wird nicht als Komponentenbezug gewertet. Benutzer- und Aufrufkontext fehlen; die Ergebnisdatei liefert begrenzten Handlungskontext.")) -> Run-spezifischer MFT-Befund: Die erwartete Ergebnisdatei und Created0x10 liegen im Execution-Zeitraum. Die MFT stellt jedoch keine Beziehung zwischen der Datei und der ausführenden Zielkomponente her; der Dateiname ist Bestandteil des experimentellen Designs und wird nicht als Komponentenbezug gewertet. Benutzer- und Aufrufkontext fehlen; die Ergebnisdatei liefert begrenzten Handlungskontext.
A5: PS-A1-P1-R01 | B5: PowerShell | C5: A1 | D5: P1 | E5: R01 | F5: MFT-Eintrag vorhanden | G5: .\Lab\Outputs\A1 | H5: A1_PowerShell_Result.txt | I5: 61 | J5: TRUE | K5: 46255.462 | L5: 46255.545 | M5: 46255.545 | N5: 46255.545 | O5: =IF(AND(F5="MFT-Eintrag vorhanden",G5=IF(C5="A1",".\Lab\Outputs\A1",".\Lab\Outputs\A2"),L5>=M5,L5<=N5),1,0) -> 1 | P5: =IF(O5=1,0,"-") -> 0 | Q5: =IF(O5=1,2,"-") -> 2 | R5: =IF(O5=1,0,"-") -> 0 | S5: =IF(O5=1,0,"-") -> 0 | T5: =IF(O5=1,1,"-") -> 1 | U5: =IF(O5=0,"Kein run-spezifischer MFT-Nachweis.",_xlfn._LONGTEXT("Run-spezifischer MFT-Befund: Die erwartete Ergebnisdatei und Created0x10 liegen im Execution-Zeitraum. Die MFT stellt jedoch keine Beziehung zwischen der Datei und der ausführenden Zielkomponente her; der Dateiname ist Bestandteil des experimentellen Desi","gns und wird nicht als Komponentenbezug gewertet. Benutzer- und Aufrufkontext fehlen; die Ergebnisdatei liefert begrenzten Handlungskontext.")) -> Run-spezifischer MFT-Befund: Die erwartete Ergebnisdatei und Created0x10 liegen im Execution-Zeitraum. Die MFT stellt jedoch keine Beziehung zwischen der Datei und der ausführenden Zielkomponente her; der Dateiname ist Bestandteil des experimentellen Designs und wird nicht als Komponentenbezug gewertet. Benutzer- und Aufrufkontext fehlen; die Ergebnisdatei liefert begrenzten Handlungskontext.
A6: PS-A1-P1-R02 | B6: PowerShell | C6: A1 | D6: P1 | E6: R02 | F6: MFT-Eintrag vorhanden | G6: .\Lab\Outputs\A1 | H6: A1_PowerShell_Result.txt | I6: 61 | J6: TRUE | K6: 46255.466 | L6: 46255.549 | M6: 46255.549 | N6: 46255.549 | O6: =IF(AND(F6="MFT-Eintrag vorhanden",G6=IF(C6="A1",".\Lab\Outputs\A1",".\Lab\Outputs\A2"),L6>=M6,L6<=N6),1,0) -> 1 | P6: =IF(O6=1,0,"-") -> 0 | Q6: =IF(O6=1,2,"-") -> 2 | R6: =IF(O6=1,0,"-") -> 0 | S6: =IF(O6=1,0,"-") -> 0 | T6: =IF(O6=1,1,"-") -> 1 | U6: =IF(O6=0,"Kein run-spezifischer MFT-Nachweis.",_xlfn._LONGTEXT("Run-spezifischer MFT-Befund: Die erwartete Ergebnisdatei und Created0x10 liegen im Execution-Zeitraum. Die MFT stellt jedoch keine Beziehung zwischen der Datei und der ausführenden Zielkomponente her; der Dateiname ist Bestandteil des experimentellen Desi","gns und wird nicht als Komponentenbezug gewertet. Benutzer- und Aufrufkontext fehlen; die Ergebnisdatei liefert begrenzten Handlungskontext.")) -> Run-spezifischer MFT-Befund: Die erwartete Ergebnisdatei und Created0x10 liegen im Execution-Zeitraum. Die MFT stellt jedoch keine Beziehung zwischen der Datei und der ausführenden Zielkomponente her; der Dateiname ist Bestandteil des experimentellen Designs und wird nicht als Komponentenbezug gewertet. Benutzer- und Aufrufkontext fehlen; die Ergebnisdatei liefert begrenzten Handlungskontext.
A7: PS-A1-P1-R03 | B7: PowerShell | C7: A1 | D7: P1 | E7: R03 | F7: MFT-Eintrag vorhanden | G7: .\Lab\Outputs\A1 | H7: A1_PowerShell_Result.txt | I7: 61 | J7: TRUE | K7: 46255.472 | L7: 46255.555 | M7: 46255.555 | N7: 46255.555 | O7: =IF(AND(F7="MFT-Eintrag vorhanden",G7=IF(C7="A1",".\Lab\Outputs\A1",".\Lab\Outputs\A2"),L7>=M7,L7<=N7),1,0) -> 1 | P7: =IF(O7=1,0,"-") -> 0 | Q7: =IF(O7=1,2,"-") -> 2 | R7: =IF(O7=1,0,"-") -> 0 | S7: =IF(O7=1,0,"-") -> 0 | T7: =IF(O7=1,1,"-") -> 1 | U7: =IF(O7=0,"Kein run-spezifischer MFT-Nachweis.",_xlfn._LONGTEXT("Run-spezifischer MFT-Befund: Die erwartete Ergebnisdatei und Created0x10 liegen im Execution-Zeitraum. Die MFT stellt jedoch keine Beziehung zwischen der Datei und der ausführenden Zielkomponente her; der Dateiname ist Bestandteil des experimentellen Desi","gns und wird nicht als Komponentenbezug gewertet. Benutzer- und Aufrufkontext fehlen; die Ergebnisdatei liefert begrenzten Handlungskontext.")) -> Run-spezifischer MFT-Befund: Die erwartete Ergebnisdatei und Created0x10 liegen im Execution-Zeitraum. Die MFT stellt jedoch keine Beziehung zwischen der Datei und der ausführenden Zielkomponente her; der Dateiname ist Bestandteil des experimentellen Designs und wird nicht als Komponentenbezug gewertet. Benutzer- und Aufrufkontext fehlen; die Ergebnisdatei liefert begrenzten Handlungskontext.
A8: PS-A1-P2-R01 | B8: PowerShell | C8: A1 | D8: P2 | E8: R01 | F8: MFT-Eintrag vorhanden | G8: .\Lab\Outputs\A1 | H8: A1_PowerShell_Result.txt | I8: 61 | J8: TRUE | K8: 46255.572 | L8: 46255.656 | M8: 46255.655 | N8: 46255.656 | O8: =IF(AND(F8="MFT-Eintrag vorhanden",G8=IF(C8="A1",".\Lab\Outputs\A1",".\Lab\Outputs\A2"),L8>=M8,L8<=N8),1,0) -> 1 | P8: =IF(O8=1,0,"-") -> 0 | Q8: =IF(O8=1,2,"-") -> 2 | R8: =IF(O8=1,0,"-") -> 0 | S8: =IF(O8=1,0,"-") -> 0 | T8: =IF(O8=1,1,"-") -> 1 | U8: =IF(O8=0,"Kein run-spezifischer MFT-Nachweis.",_xlfn._LONGTEXT("Run-spezifischer MFT-Befund: Die erwartete Ergebnisdatei und Created0x10 liegen im Execution-Zeitraum. Die MFT stellt jedoch keine Beziehung zwischen der Datei und der ausführenden Zielkomponente her; der Dateiname ist Bestandteil des experimentellen Desi","gns und wird nicht als Komponentenbezug gewertet. Benutzer- und Aufrufkontext fehlen; die Ergebnisdatei liefert begrenzten Handlungskontext.")) -> Run-spezifischer MFT-Befund: Die erwartete Ergebnisdatei und Created0x10 liegen im Execution-Zeitraum. Die MFT stellt jedoch keine Beziehung zwischen der Datei und der ausführenden Zielkomponente her; der Dateiname ist Bestandteil des experimentellen Designs und wird nicht als Komponentenbezug gewertet. Benutzer- und Aufrufkontext fehlen; die Ergebnisdatei liefert begrenzten Handlungskontext.
A9: PS-A1-P2-R02 | B9: PowerShell | C9: A1 | D9: P2 | E9: R02 | F9: MFT-Eintrag vorhanden | G9: .\Lab\Outputs\A1 | H9: A1_PowerShell_Result.txt | I9: 61 | J9: TRUE | K9: 46255.579 | L9: 46255.662 | M9: 46255.662 | N9: 46255.662 | O9: =IF(AND(F9="MFT-Eintrag vorhanden",G9=IF(C9="A1",".\Lab\Outputs\A1",".\Lab\Outputs\A2"),L9>=M9,L9<=N9),1,0) -> 1 | P9: =IF(O9=1,0,"-") -> 0 | Q9: =IF(O9=1,2,"-") -> 2 | R9: =IF(O9=1,0,"-") -> 0 | S9: =IF(O9=1,0,"-") -> 0 | T9: =IF(O9=1,1,"-") -> 1 | U9: =IF(O9=0,"Kein run-spezifischer MFT-Nachweis.",_xlfn._LONGTEXT("Run-spezifischer MFT-Befund: Die erwartete Ergebnisdatei und Created0x10 liegen im Execution-Zeitraum. Die MFT stellt jedoch keine Beziehung zwischen der Datei und der ausführenden Zielkomponente her; der Dateiname ist Bestandteil des experimentellen Desi","gns und wird nicht als Komponentenbezug gewertet. Benutzer- und Aufrufkontext fehlen; die Ergebnisdatei liefert begrenzten Handlungskontext.")) -> Run-spezifischer MFT-Befund: Die erwartete Ergebnisdatei und Created0x10 liegen im Execution-Zeitraum. Die MFT stellt jedoch keine Beziehung zwischen der Datei und der ausführenden Zielkomponente her; der Dateiname ist Bestandteil des experimentellen Designs und wird nicht als Komponentenbezug gewertet. Benutzer- und Aufrufkontext fehlen; die Ergebnisdatei liefert begrenzten Handlungskontext.
A10: PS-A1-P2-R03 | B10: PowerShell | C10: A1 | D10: P2 | E10: R03 | F10: MFT-Eintrag vorhanden | G10: .\Lab\Outputs\A1 | H10: A1_PowerShell_Result.txt | I10: 61 | J10: TRUE | K10: 46255.584 | L10: 46255.667 | M10: 46255.667 | N10: 46255.667 | O10: =IF(AND(F10="MFT-Eintrag vorhanden",G10=IF(C10="A1",".\Lab\Outputs\A1",".\Lab\Outputs\A2"),L10>=M10,L10<=N10),1,0) -> 1 | P10: =IF(O10=1,0,"-") -> 0 | Q10: =IF(O10=1,2,"-") -> 2 | R10: =IF(O10=1,0,"-") -> 0 | S10: =IF(O10=1,0,"-") -> 0 | T10: =IF(O10=1,1,"-") -> 1 | U10: =IF(O10=0,"Kein run-spezifischer MFT-Nachweis.",_xlfn._LONGTEXT("Run-spezifischer MFT-Befund: Die erwartete Ergebnisdatei und Created0x10 liegen im Execution-Zeitraum. Die MFT stellt jedoch keine Beziehung zwischen der Datei und der ausführenden Zielkomponente her; der Dateiname ist Bestandteil des experimentellen Desi","gns und wird nicht als Komponentenbezug gewertet. Benutzer- und Aufrufkontext fehlen; die Ergebnisdatei liefert begrenzten Handlungskontext.")) -> Run-spezifischer MFT-Befund: Die erwartete Ergebnisdatei und Created0x10 liegen im Execution-Zeitraum. Die MFT stellt jedoch keine Beziehung zwischen der Datei und der ausführenden Zielkomponente her; der Dateiname ist Bestandteil des experimentellen Designs und wird nicht als Komponentenbezug gewertet. Benutzer- und Aufrufkontext fehlen; die Ergebnisdatei liefert begrenzten Handlungskontext.
A11: PS-A2-P0-R01 | B11: PowerShell | C11: A2 | D11: P0 | E11: R01 | F11: MFT-Eintrag vorhanden | G11: .\Lab\Outputs\A2 | H11: a2_download_test_v1.txt | I11: 125 | J11: TRUE | K11: 46255.375 | L11: 46255.458 | M11: 46255.458 | N11: 46255.458 | O11: =IF(AND(F11="MFT-Eintrag vorhanden",G11=IF(C11="A1",".\Lab\Outputs\A1",".\Lab\Outputs\A2"),L11>=M11,L11<=N11),1,0) -> 1 | P11: =IF(O11=1,0,"-") -> 0 | Q11: =IF(O11=1,2,"-") -> 2 | R11: =IF(O11=1,0,"-") -> 0 | S11: =IF(O11=1,0,"-") -> 0 | T11: =IF(O11=1,1,"-") -> 1 | U11: =IF(O11=0,"Kein run-spezifischer MFT-Nachweis.",_xlfn._LONGTEXT("Run-spezifischer MFT-Befund: Die erwartete Ergebnisdatei und Created0x10 liegen im Execution-Zeitraum. Die MFT stellt jedoch keine Beziehung zwischen der Datei und der ausführenden Zielkomponente her; der Dateiname ist Bestandteil des experimentellen Desi","gns und wird nicht als Komponentenbezug gewertet. Benutzer- und Aufrufkontext fehlen; die Ergebnisdatei liefert begrenzten Handlungskontext.")) -> Run-spezifischer MFT-Befund: Die erwartete Ergebnisdatei und Created0x10 liegen im Execution-Zeitraum. Die MFT stellt jedoch keine Beziehung zwischen der Datei und der ausführenden Zielkomponente her; der Dateiname ist Bestandteil des experimentellen Designs und wird nicht als Komponentenbezug gewertet. Benutzer- und Aufrufkontext fehlen; die Ergebnisdatei liefert begrenzten Handlungskontext.
A12: PS-A2-P0-R02 | B12: PowerShell | C12: A2 | D12: P0 | E12: R02 | F12: MFT-Eintrag vorhanden | G12: .\Lab\Outputs\A2 | H12: a2_download_test_v1.txt | I12: 125 | J12: TRUE | K12: 46255.381 | L12: 46255.464 | M12: 46255.464 | N12: 46255.464 | O12: =IF(AND(F12="MFT-Eintrag vorhanden",G12=IF(C12="A1",".\Lab\Outputs\A1",".\Lab\Outputs\A2"),L12>=M12,L12<=N12),1,0) -> 1 | P12: =IF(O12=1,0,"-") -> 0 | Q12: =IF(O12=1,2,"-") -> 2 | R12: =IF(O12=1,0,"-") -> 0 | S12: =IF(O12=1,0,"-") -> 0 | T12: =IF(O12=1,1,"-") -> 1 | U12: =IF(O12=0,"Kein run-spezifischer MFT-Nachweis.",_xlfn._LONGTEXT("Run-spezifischer MFT-Befund: Die erwartete Ergebnisdatei und Created0x10 liegen im Execution-Zeitraum. Die MFT stellt jedoch keine Beziehung zwischen der Datei und der ausführenden Zielkomponente her; der Dateiname ist Bestandteil des experimentellen Desi","gns und wird nicht als Komponentenbezug gewertet. Benutzer- und Aufrufkontext fehlen; die Ergebnisdatei liefert begrenzten Handlungskontext.")) -> Run-spezifischer MFT-Befund: Die erwartete Ergebnisdatei und Created0x10 liegen im Execution-Zeitraum. Die MFT stellt jedoch keine Beziehung zwischen der Datei und der ausführenden Zielkomponente her; der Dateiname ist Bestandteil des experimentellen Designs und wird nicht als Komponentenbezug gewertet. Benutzer- und Aufrufkontext fehlen; die Ergebnisdatei liefert begrenzten Handlungskontext.
A13: PS-A2-P0-R03 | B13: PowerShell | C13: A2 | D13: P0 | E13: R03 | F13: MFT-Eintrag vorhanden | G13: .\Lab\Outputs\A2 | H13: a2_download_test_v1.txt | I13: 125 | J13: TRUE | K13: 46255.385 | L13: 46255.468 | M13: 46255.468 | N13: 46255.468 | O13: =IF(AND(F13="MFT-Eintrag vorhanden",G13=IF(C13="A1",".\Lab\Outputs\A1",".\Lab\Outputs\A2"),L13>=M13,L13<=N13),1,0) -> 1 | P13: =IF(O13=1,0,"-") -> 0 | Q13: =IF(O13=1,2,"-") -> 2 | R13: =IF(O13=1,0,"-") -> 0 | S13: =IF(O13=1,0,"-") -> 0 | T13: =IF(O13=1,1,"-") -> 1 | U13: =IF(O13=0,"Kein run-spezifischer MFT-Nachweis.",_xlfn._LONGTEXT("Run-spezifischer MFT-Befund: Die erwartete Ergebnisdatei und Created0x10 liegen im Execution-Zeitraum. Die MFT stellt jedoch keine Beziehung zwischen der Datei und der ausführenden Zielkomponente her; der Dateiname ist Bestandteil des experimentellen Desi","gns und wird nicht als Komponentenbezug gewertet. Benutzer- und Aufrufkontext fehlen; die Ergebnisdatei liefert begrenzten Handlungskontext.")) -> Run-spezifischer MFT-Befund: Die erwartete Ergebnisdatei und Created0x10 liegen im Execution-Zeitraum. Die MFT stellt jedoch keine Beziehung zwischen der Datei und der ausführenden Zielkomponente her; der Dateiname ist Bestandteil des experimentellen Designs und wird nicht als Komponentenbezug gewertet. Benutzer- und Aufrufkontext fehlen; die Ergebnisdatei liefert begrenzten Handlungskontext.
... A73: CSCRIPT-A2-P2-R03 | B73: Cscript | C73: A2 | D73: P2 | E73: R03 | F73: MFT-Eintrag vorhanden | G73: .\Lab\Outputs\A2 | H73: a2_download_test_v1.txt | I73: 125 | J73: TRUE | K73: 46255.735 | L73: 46255.818 | M73: 46255.818 | N73: 46255.818 | O73: =IF(AND(F73="MFT-Eintrag vorhanden",G73=IF(C73="A1",".\Lab\Outputs\A1",".\Lab\Outputs\A2"),L73>=M73,L73<=N73),1,0) -> 1 | P73: =IF(O73=1,0,"-") -> 0 | Q73: =IF(O73=1,2,"-") -> 2 | R73: =IF(O73=1,0,"-") -> 0 | S73: =IF(O73=1,0,"-") -> 0 | T73: =IF(O73=1,1,"-") -> 1 | U73: =IF(O73=0,"Kein run-spezifischer MFT-Nachweis.",_xlfn._LONGTEXT("Run-spezifischer MFT-Befund: Die erwartete Ergebnisdatei und Created0x10 liegen im Execution-Zeitraum. Die MFT stellt jedoch keine Beziehung zwischen der Datei und der ausführenden Zielkomponente her; der Dateiname ist Bestandteil des experimentellen Desi","gns und wird nicht als Komponentenbezug gewertet. Benutzer- und Aufrufkontext fehlen; die Ergebnisdatei liefert begrenzten Handlungskontext.")) -> Run-spezifischer MFT-Befund: Die erwartete Ergebnisdatei und Created0x10 liegen im Execution-Zeitraum. Die MFT stellt jedoch keine Beziehung zwischen der Datei und der ausführenden Zielkomponente her; der Dateiname ist Bestandteil des experimentellen Designs und wird nicht als Komponentenbezug gewertet. Benutzer- und Aufrufkontext fehlen; die Ergebnisdatei liefert begrenzten Handlungskontext.

Sheet Aggregiert
A1: Komponente | B1: Aktionsklasse | C1: Logging-Profil | D1: DR | E1: K | F1: T | G1: U | H1: A | I1: H | J1: Matrixzelle
A2: PowerShell | B2: A1 | C2: P0 | D2: =COUNTIF('Run-Level bewertet'!O2:O4,1)&"/3" -> 3/3 | E2: =IF(D2="0/3","-",MIN('Run-Level bewertet'!P2:P4)) -> 0 | F2: =IF(D2="0/3","-",MIN('Run-Level bewertet'!Q2:Q4)) -> 2 | G2: =IF(D2="0/3","-",MIN('Run-Level bewertet'!R2:R4)) -> 0 | H2: =IF(D2="0/3","-",MIN('Run-Level bewertet'!S2:S4)) -> 0 | I2: =IF(D2="0/3","-",MIN('Run-Level bewertet'!T2:T4)) -> 1 | J2: =IF(D2="0/3",D2&" · -",D2&" · K"&E2&" T"&F2&" U"&G2&" A"&H2&" H"&I2) -> 3/3 · K0 T2 U0 A0 H1
A3: PowerShell | B3: A1 | C3: P1 | D3: =COUNTIF('Run-Level bewertet'!O5:O7,1)&"/3" -> 3/3 | E3: =IF(D3="0/3","-",MIN('Run-Level bewertet'!P5:P7)) -> 0 | F3: =IF(D3="0/3","-",MIN('Run-Level bewertet'!Q5:Q7)) -> 2 | G3: =IF(D3="0/3","-",MIN('Run-Level bewertet'!R5:R7)) -> 0 | H3: =IF(D3="0/3","-",MIN('Run-Level bewertet'!S5:S7)) -> 0 | I3: =IF(D3="0/3","-",MIN('Run-Level bewertet'!T5:T7)) -> 1 | J3: =IF(D3="0/3",D3&" · -",D3&" · K"&E3&" T"&F3&" U"&G3&" A"&H3&" H"&I3) -> 3/3 · K0 T2 U0 A0 H1
A4: PowerShell | B4: A1 | C4: P2 | D4: =COUNTIF('Run-Level bewertet'!O8:O10,1)&"/3" -> 3/3 | E4: =IF(D4="0/3","-",MIN('Run-Level bewertet'!P8:P10)) -> 0 | F4: =IF(D4="0/3","-",MIN('Run-Level bewertet'!Q8:Q10)) -> 2 | G4: =IF(D4="0/3","-",MIN('Run-Level bewertet'!R8:R10)) -> 0 | H4: =IF(D4="0/3","-",MIN('Run-Level bewertet'!S8:S10)) -> 0 | I4: =IF(D4="0/3","-",MIN('Run-Level bewertet'!T8:T10)) -> 1 | J4: =IF(D4="0/3",D4&" · -",D4&" · K"&E4&" T"&F4&" U"&G4&" A"&H4&" H"&I4) -> 3/3 · K0 T2 U0 A0 H1
A5: PowerShell | B5: A2 | C5: P0 | D5: =COUNTIF('Run-Level bewertet'!O11:O13,1)&"/3" -> 3/3 | E5: =IF(D5="0/3","-",MIN('Run-Level bewertet'!P11:P13)) -> 0 | F5: =IF(D5="0/3","-",MIN('Run-Level bewertet'!Q11:Q13)) -> 2 | G5: =IF(D5="0/3","-",MIN('Run-Level bewertet'!R11:R13)) -> 0 | H5: =IF(D5="0/3","-",MIN('Run-Level bewertet'!S11:S13)) -> 0 | I5: =IF(D5="0/3","-",MIN('Run-Level bewertet'!T11:T13)) -> 1 | J5: =IF(D5="0/3",D5&" · -",D5&" · K"&E5&" T"&F5&" U"&G5&" A"&H5&" H"&I5) -> 3/3 · K0 T2 U0 A0 H1
A6: PowerShell | B6: A2 | C6: P1 | D6: =COUNTIF('Run-Level bewertet'!O14:O16,1)&"/3" -> 3/3 | E6: =IF(D6="0/3","-",MIN('Run-Level bewertet'!P14:P16)) -> 0 | F6: =IF(D6="0/3","-",MIN('Run-Level bewertet'!Q14:Q16)) -> 2 | G6: =IF(D6="0/3","-",MIN('Run-Level bewertet'!R14:R16)) -> 0 | H6: =IF(D6="0/3","-",MIN('Run-Level bewertet'!S14:S16)) -> 0 | I6: =IF(D6="0/3","-",MIN('Run-Level bewertet'!T14:T16)) -> 1 | J6: =IF(D6="0/3",D6&" · -",D6&" · K"&E6&" T"&F6&" U"&G6&" A"&H6&" H"&I6) -> 3/3 · K0 T2 U0 A0 H1
A7: PowerShell | B7: A2 | C7: P2 | D7: =COUNTIF('Run-Level bewertet'!O17:O19,1)&"/3" -> 3/3 | E7: =IF(D7="0/3","-",MIN('Run-Level bewertet'!P17:P19)) -> 0 | F7: =IF(D7="0/3","-",MIN('Run-Level bewertet'!Q17:Q19)) -> 2 | G7: =IF(D7="0/3","-",MIN('Run-Level bewertet'!R17:R19)) -> 0 | H7: =IF(D7="0/3","-",MIN('Run-Level bewertet'!S17:S19)) -> 0 | I7: =IF(D7="0/3","-",MIN('Run-Level bewertet'!T17:T19)) -> 1 | J7: =IF(D7="0/3",D7&" · -",D7&" · K"&E7&" T"&F7&" U"&G7&" A"&H7&" H"&I7) -> 3/3 · K0 T2 U0 A0 H1
A8: Mshta | B8: A1 | C8: P0 | D8: =COUNTIF('Run-Level bewertet'!O20:O22,1)&"/3" -> 3/3 | E8: =IF(D8="0/3","-",MIN('Run-Level bewertet'!P20:P22)) -> 0 | F8: =IF(D8="0/3","-",MIN('Run-Level bewertet'!Q20:Q22)) -> 2 | G8: =IF(D8="0/3","-",MIN('Run-Level bewertet'!R20:R22)) -> 0 | H8: =IF(D8="0/3","-",MIN('Run-Level bewertet'!S20:S22)) -> 0 | I8: =IF(D8="0/3","-",MIN('Run-Level bewertet'!T20:T22)) -> 1 | J8: =IF(D8="0/3",D8&" · -",D8&" · K"&E8&" T"&F8&" U"&G8&" A"&H8&" H"&I8) -> 3/3 · K0 T2 U0 A0 H1
A9: Mshta | B9: A1 | C9: P1 | D9: =COUNTIF('Run-Level bewertet'!O23:O25,1)&"/3" -> 3/3 | E9: =IF(D9="0/3","-",MIN('Run-Level bewertet'!P23:P25)) -> 0 | F9: =IF(D9="0/3","-",MIN('Run-Level bewertet'!Q23:Q25)) -> 2 | G9: =IF(D9="0/3","-",MIN('Run-Level bewertet'!R23:R25)) -> 0 | H9: =IF(D9="0/3","-",MIN('Run-Level bewertet'!S23:S25)) -> 0 | I9: =IF(D9="0/3","-",MIN('Run-Level bewertet'!T23:T25)) -> 1 | J9: =IF(D9="0/3",D9&" · -",D9&" · K"&E9&" T"&F9&" U"&G9&" A"&H9&" H"&I9) -> 3/3 · K0 T2 U0 A0 H1
A10: Mshta | B10: A1 | C10: P2 | D10: =COUNTIF('Run-Level bewertet'!O26:O28,1)&"/3" -> 3/3 | E10: =IF(D10="0/3","-",MIN('Run-Level bewertet'!P26:P28)) -> 0 | F10: =IF(D10="0/3","-",MIN('Run-Level bewertet'!Q26:Q28)) -> 2 | G10: =IF(D10="0/3","-",MIN('Run-Level bewertet'!R26:R28)) -> 0 | H10: =IF(D10="0/3","-",MIN('Run-Level bewertet'!S26:S28)) -> 0 | I10: =IF(D10="0/3","-",MIN('Run-Level bewertet'!T26:T28)) -> 1 | J10: =IF(D10="0/3",D10&" · -",D10&" · K"&E10&" T"&F10&" U"&G10&" A"&H10&" H"&I10) -> 3/3 · K0 T2 U0 A0 H1
A11: Mshta | B11: A2 | C11: P0 | D11: =COUNTIF('Run-Level bewertet'!O29:O31,1)&"/3" -> 3/3 | E11: =IF(D11="0/3","-",MIN('Run-Level bewertet'!P29:P31)) -> 0 | F11: =IF(D11="0/3","-",MIN('Run-Level bewertet'!Q29:Q31)) -> 2 | G11: =IF(D11="0/3","-",MIN('Run-Level bewertet'!R29:R31)) -> 0 | H11: =IF(D11="0/3","-",MIN('Run-Level bewertet'!S29:S31)) -> 0 | I11: =IF(D11="0/3","-",MIN('Run-Level bewertet'!T29:T31)) -> 1 | J11: =IF(D11="0/3",D11&" · -",D11&" · K"&E11&" T"&F11&" U"&G11&" A"&H11&" H"&I11) -> 3/3 · K0 T2 U0 A0 H1
A12: Mshta | B12: A2 | C12: P1 | D12: =COUNTIF('Run-Level bewertet'!O32:O34,1)&"/3" -> 3/3 | E12: =IF(D12="0/3","-",MIN('Run-Level bewertet'!P32:P34)) -> 0 | F12: =IF(D12="0/3","-",MIN('Run-Level bewertet'!Q32:Q34)) -> 2 | G12: =IF(D12="0/3","-",MIN('Run-Level bewertet'!R32:R34)) -> 0 | H12: =IF(D12="0/3","-",MIN('Run-Level bewertet'!S32:S34)) -> 0 | I12: =IF(D12="0/3","-",MIN('Run-Level bewertet'!T32:T34)) -> 1 | J12: =IF(D12="0/3",D12&" · -",D12&" · K"&E12&" T"&F12&" U"&G12&" A"&H12&" H"&I12) -> 3/3 · K0 T2 U0 A0 H1
A13: Mshta | B13: A2 | C13: P2 | D13: =COUNTIF('Run-Level bewertet'!O35:O37,1)&"/3" -> 3/3 | E13: =IF(D13="0/3","-",MIN('Run-Level bewertet'!P35:P37)) -> 0 | F13: =IF(D13="0/3","-",MIN('Run-Level bewertet'!Q35:Q37)) -> 2 | G13: =IF(D13="0/3","-",MIN('Run-Level bewertet'!R35:R37)) -> 0 | H13: =IF(D13="0/3","-",MIN('Run-Level bewertet'!S35:S37)) -> 0 | I13: =IF(D13="0/3","-",MIN('Run-Level bewertet'!T35:T37)) -> 1 | J13: =IF(D13="0/3",D13&" · -",D13&" · K"&E13&" T"&F13&" U"&G13&" A"&H13&" H"&I13) -> 3/3 · K0 T2 U0 A0 H1
A14: Regsvr32 | B14: A1 | C14: P0 | D14: =COUNTIF('Run-Level bewertet'!O38:O40,1)&"/3" -> 3/3 | E14: =IF(D14="0/3","-",MIN('Run-Level bewertet'!P38:P40)) -> 0 | F14: =IF(D14="0/3","-",MIN('Run-Level bewertet'!Q38:Q40)) -> 2 | G14: =IF(D14="0/3","-",MIN('Run-Level bewertet'!R38:R40)) -> 0 | H14: =IF(D14="0/3","-",MIN('Run-Level bewertet'!S38:S40)) -> 0 | I14: =IF(D14="0/3","-",MIN('Run-Level bewertet'!T38:T40)) -> 1 | J14: =IF(D14="0/3",D14&" · -",D14&" · K"&E14&" T"&F14&" U"&G14&" A"&H14&" H"&I14) -> 3/3 · K0 T2 U0 A0 H1
A15: Regsvr32 | B15: A1 | C15: P1 | D15: =COUNTIF('Run-Level bewertet'!O41:O43,1)&"/3" -> 3/3 | E15: =IF(D15="0/3","-",MIN('Run-Level bewertet'!P41:P43)) -> 0 | F15: =IF(D15="0/3","-",MIN('Run-Level bewertet'!Q41:Q43)) -> 2 | G15: =IF(D15="0/3","-",MIN('Run-Level bewertet'!R41:R43)) -> 0 | H15: =IF(D15="0/3","-",MIN('Run-Level bewertet'!S41:S43)) -> 0 | I15: =IF(D15="0/3","-",MIN('Run-Level bewertet'!T41:T43)) -> 1 | J15: =IF(D15="0/3",D15&" · -",D15&" · K"&E15&" T"&F15&" U"&G15&" A"&H15&" H"&I15) -> 3/3 · K0 T2 U0 A0 H1
A16: Regsvr32 | B16: A1 | C16: P2 | D16: =COUNTIF('Run-Level bewertet'!O44:O46,1)&"/3" -> 3/3 | E16: =IF(D16="0/3","-",MIN('Run-Level bewertet'!P44:P46)) -> 0 | F16: =IF(D16="0/3","-",MIN('Run-Level bewertet'!Q44:Q46)) -> 2 | G16: =IF(D16="0/3","-",MIN('Run-Level bewertet'!R44:R46)) -> 0 | H16: =IF(D16="0/3","-",MIN('Run-Level bewertet'!S44:S46)) -> 0 | I16: =IF(D16="0/3","-",MIN('Run-Level bewertet'!T44:T46)) -> 1 | J16: =IF(D16="0/3",D16&" · -",D16&" · K"&E16&" T"&F16&" U"&G16&" A"&H16&" H"&I16) -> 3/3 · K0 T2 U0 A0 H1
A17: Regsvr32 | B17: A2 | C17: P0 | D17: =COUNTIF('Run-Level bewertet'!O47:O49,1)&"/3" -> 3/3 | E17: =IF(D17="0/3","-",MIN('Run-Level bewertet'!P47:P49)) -> 0 | F17: =IF(D17="0/3","-",MIN('Run-Level bewertet'!Q47:Q49)) -> 2 | G17: =IF(D17="0/3","-",MIN('Run-Level bewertet'!R47:R49)) -> 0 | H17: =IF(D17="0/3","-",MIN('Run-Level bewertet'!S47:S49)) -> 0 | I17: =IF(D17="0/3","-",MIN('Run-Level bewertet'!T47:T49)) -> 1 | J17: =IF(D17="0/3",D17&" · -",D17&" · K"&E17&" T"&F17&" U"&G17&" A"&H17&" H"&I17) -> 3/3 · K0 T2 U0 A0 H1
A18: Regsvr32 | B18: A2 | C18: P1 | D18: =COUNTIF('Run-Level bewertet'!O50:O52,1)&"/3" -> 3/3 | E18: =IF(D18="0/3","-",MIN('Run-Level bewertet'!P50:P52)) -> 0 | F18: =IF(D18="0/3","-",MIN('Run-Level bewertet'!Q50:Q52)) -> 2 | G18: =IF(D18="0/3","-",MIN('Run-Level bewertet'!R50:R52)) -> 0 | H18: =IF(D18="0/3","-",MIN('Run-Level bewertet'!S50:S52)) -> 0 | I18: =IF(D18="0/3","-",MIN('Run-Level bewertet'!T50:T52)) -> 1 | J18: =IF(D18="0/3",D18&" · -",D18&" · K"&E18&" T"&F18&" U"&G18&" A"&H18&" H"&I18) -> 3/3 · K0 T2 U0 A0 H1
A19: Regsvr32 | B19: A2 | C19: P2 | D19: =COUNTIF('Run-Level bewertet'!O53:O55,1)&"/3" -> 3/3 | E19: =IF(D19="0/3","-",MIN('Run-Level bewertet'!P53:P55)) -> 0 | F19: =IF(D19="0/3","-",MIN('Run-Level bewertet'!Q53:Q55)) -> 2 | G19: =IF(D19="0/3","-",MIN('Run-Level bewertet'!R53:R55)) -> 0 | H19: =IF(D19="0/3","-",MIN('Run-Level bewertet'!S53:S55)) -> 0 | I19: =IF(D19="0/3","-",MIN('Run-Level bewertet'!T53:T55)) -> 1 | J19: =IF(D19="0/3",D19&" · -",D19&" · K"&E19&" T"&F19&" U"&G19&" A"&H19&" H"&I19) -> 3/3 · K0 T2 U0 A0 H1
A20: Cscript | B20: A1 | C20: P0 | D20: =COUNTIF('Run-Level bewertet'!O56:O58,1)&"/3" -> 3/3 | E20: =IF(D20="0/3","-",MIN('Run-Level bewertet'!P56:P58)) -> 0 | F20: =IF(D20="0/3","-",MIN('Run-Level bewertet'!Q56:Q58)) -> 2 | G20: =IF(D20="0/3","-",MIN('Run-Level bewertet'!R56:R58)) -> 0 | H20: =IF(D20="0/3","-",MIN('Run-Level bewertet'!S56:S58)) -> 0 | I20: =IF(D20="0/3","-",MIN('Run-Level bewertet'!T56:T58)) -> 1 | J20: =IF(D20="0/3",D20&" · -",D20&" · K"&E20&" T"&F20&" U"&G20&" A"&H20&" H"&I20) -> 3/3 · K0 T2 U0 A0 H1
A21: Cscript | B21: A1 | C21: P1 | D21: =COUNTIF('Run-Level bewertet'!O59:O61,1)&"/3" -> 3/3 | E21: =IF(D21="0/3","-",MIN('Run-Level bewertet'!P59:P61)) -> 0 | F21: =IF(D21="0/3","-",MIN('Run-Level bewertet'!Q59:Q61)) -> 2 | G21: =IF(D21="0/3","-",MIN('Run-Level bewertet'!R59:R61)) -> 0 | H21: =IF(D21="0/3","-",MIN('Run-Level bewertet'!S59:S61)) -> 0 | I21: =IF(D21="0/3","-",MIN('Run-Level bewertet'!T59:T61)) -> 1 | J21: =IF(D21="0/3",D21&" · -",D21&" · K"&E21&" T"&F21&" U"&G21&" A"&H21&" H"&I21) -> 3/3 · K0 T2 U0 A0 H1
A22: Cscript | B22: A1 | C22: P2 | D22: =COUNTIF('Run-Level bewertet'!O62:O64,1)&"/3" -> 3/3 | E22: =IF(D22="0/3","-",MIN('Run-Level bewertet'!P62:P64)) -> 0 | F22: =IF(D22="0/3","-",MIN('Run-Level bewertet'!Q62:Q64)) -> 2 | G22: =IF(D22="0/3","-",MIN('Run-Level bewertet'!R62:R64)) -> 0 | H22: =IF(D22="0/3","-",MIN('Run-Level bewertet'!S62:S64)) -> 0 | I22: =IF(D22="0/3","-",MIN('Run-Level bewertet'!T62:T64)) -> 1 | J22: =IF(D22="0/3",D22&" · -",D22&" · K"&E22&" T"&F22&" U"&G22&" A"&H22&" H"&I22) -> 3/3 · K0 T2 U0 A0 H1
A23: Cscript | B23: A2 | C23: P0 | D23: =COUNTIF('Run-Level bewertet'!O65:O67,1)&"/3" -> 3/3 | E23: =IF(D23="0/3","-",MIN('Run-Level bewertet'!P65:P67)) -> 0 | F23: =IF(D23="0/3","-",MIN('Run-Level bewertet'!Q65:Q67)) -> 2 | G23: =IF(D23="0/3","-",MIN('Run-Level bewertet'!R65:R67)) -> 0 | H23: =IF(D23="0/3","-",MIN('Run-Level bewertet'!S65:S67)) -> 0 | I23: =IF(D23="0/3","-",MIN('Run-Level bewertet'!T65:T67)) -> 1 | J23: =IF(D23="0/3",D23&" · -",D23&" · K"&E23&" T"&F23&" U"&G23&" A"&H23&" H"&I23) -> 3/3 · K0 T2 U0 A0 H1
A24: Cscript | B24: A2 | C24: P1 | D24: =COUNTIF('Run-Level bewertet'!O68:O70,1)&"/3" -> 3/3 | E24: =IF(D24="0/3","-",MIN('Run-Level bewertet'!P68:P70)) -> 0 | F24: =IF(D24="0/3","-",MIN('Run-Level bewertet'!Q68:Q70)) -> 2 | G24: =IF(D24="0/3","-",MIN('Run-Level bewertet'!R68:R70)) -> 0 | H24: =IF(D24="0/3","-",MIN('Run-Level bewertet'!S68:S70)) -> 0 | I24: =IF(D24="0/3","-",MIN('Run-Level bewertet'!T68:T70)) -> 1 | J24: =IF(D24="0/3",D24&" · -",D24&" · K"&E24&" T"&F24&" U"&G24&" A"&H24&" H"&I24) -> 3/3 · K0 T2 U0 A0 H1
A25: Cscript | B25: A2 | C25: P2 | D25: =COUNTIF('Run-Level bewertet'!O71:O73,1)&"/3" -> 3/3 | E25: =IF(D25="0/3","-",MIN('Run-Level bewertet'!P71:P73)) -> 0 | F25: =IF(D25="0/3","-",MIN('Run-Level bewertet'!Q71:Q73)) -> 2 | G25: =IF(D25="0/3","-",MIN('Run-Level bewertet'!R71:R73)) -> 0 | H25: =IF(D25="0/3","-",MIN('Run-Level bewertet'!S71:S73)) -> 0 | I25: =IF(D25="0/3","-",MIN('Run-Level bewertet'!T71:T73)) -> 1 | J25: =IF(D25="0/3",D25&" · -",D25&" · K"&E25&" T"&F25&" U"&G25&" A"&H25&" H"&I25) -> 3/3 · K0 T2 U0 A0 H1
A27: NTFS $MFT: Die Artefaktquelle ist für alle 72 Experimentläufe anwendbar. In jedem Run war die für die jeweilige Aktionsklasse erwartete Ergebnisdatei unter dem vorgesehenen Ausgabepfad vorhanden, und ihr Created0x10-Zeitstempel lag innerhalb des jeweiligen Execution-Zeitraums. Damit ergibt sich für alle 24 Komponenten-, Aktionsklassen- und Logging-Profil-Kombinationen eine Detection Reliability von 3/3. Sämtliche erfolgreichen MFT-Befunde werden mit K0 T2 U0 A0 H1 bewertet.
A28: Bewertungsbegründung: Die NTFS Master File Table ($MFT) ist eine dateisystembasierte Artefaktquelle und steht unabhängig von den in dieser Arbeit definierten Logging-Profilen P0, P1 und P2 grundsätzlich zur Verfügung. Ein run-spezifischer Nachweis wird angenommen, wenn die für die jeweilige Aktionsklasse erwartete Ergebnisdatei unter C:\Lab\Outputs\A1 beziehungsweise C:\Lab\Outputs\A2 als MFT-Eintrag vorhanden ist und sich ihr Created0x10-Zeitstempel dem jeweiligen Experimentlauf zeitlich zuordnen lässt. Diese Kriterien wurden in allen 72 Runs erfüllt. Damit ergibt sich für sämtliche 24 Komponenten-, Aktionsklassen- und Logging-Profil-Kombinationen eine Detection Reliability von 3/3. Zwischen P0, P1 und P2 wurde hinsichtlich der Nachweisbarkeit durch die $MFT kein Unterschied beobachtet. Da die Logging-Profile keine gezielte Änderung der NTFS-$MFT-Konfiguration vornehmen, wird daraus kein kausaler Einfluss der Logging-Konfiguration auf die Entstehung der MFT-Befunde abgeleitet. Der Komponentenbezug wird mit K0 bewertet. Der ausgewertete MFT-Eintrag beschreibt die jeweilige Ergebnisdatei, enthält jedoch keine Information darüber, welcher Prozess beziehungsweise welche untersuchte LOLBin-Komponente die Datei erzeugt hat. Bei A1 enthalten die experimentell vergebenen Dateinamen zwar Komponentenbezeichnungen wie A1_PowerShell_Result.txt oder A1_Mshta_Result.txt. Diese Bezeichnungen stammen jedoch aus dem Versuchsdesign und stellen keine durch die $MFT selbst hergestellte Beziehung zwischen Datei und ausführendem Prozess dar. Sie werden deshalb nicht als forensischer Komponentenbezug gewertet. Bei A2 verwenden alle vier Komponenten dieselbe Datei a2_download_test_v1.txt, wodurch der fehlende intrinsische Komponentenbezug zusätzlich deutlich wird. Der Zeitbezug erhält T2. Der MFT-Befund enthält mit Created0x10 einen eigenen Creation-Time-Metadatenwert. In allen 72 Experimentläufen lag der lokal umgerechnete Zeitwert innerhalb des jeweiligen RunStart-ProcessEnd-Zeitraums und ermöglichte damit eine eindeutige zeitliche Zuordnung des Befunds zum Run. Die Bewertung bezieht sich dabei auf die in der kontrollierten Laborumgebung tatsächlich beobachtete Run-Zuordnung dieses Zeitwerts und nicht auf eine allgemeine Manipulationsresistenz von Dateisystemzeitstempeln. Der Benutzerkontext wird mit U0 bewertet. Die für die Untersuchung herangezogenen MFT-Einträge enthalten weder einen Benutzernamen noch eine SID oder einen vergleichbaren intrinsischen Benutzerbezug. Eine Zuordnung zum Benutzer labadmin wäre nur über zusätzliche Artefaktquellen beziehungsweise die Ground Truth möglich und wird deshalb innerhalb der MFT-Bewertung nicht vorgenommen.
A29: Der Aufrufkontext erhält A0. Die $MFT protokolliert keine Kommandozeile, keine Parameter, keinen Parent-Prozess und keine Prozessrelation zur beobachteten Ergebnisdatei. Aus dem Dateirecord kann daher nicht rekonstruiert werden, wie die jeweilige LOLBin-Komponente gestartet wurde oder welche Skript-, Test- beziehungsweise Aufrufparameter verwendet wurden. Der konkrete experimentelle Aufruf ist aus der $MFT allein nicht nachvollziehbar. Der Handlungskontext wird mit H1 bewertet. Die $MFT dokumentiert eine konkrete Ergebnisdatei einschließlich Dateiname, Pfad und Erstellungszeitpunkt. Bei A1 ist damit source-lokal erkennbar, dass im vorgesehenen Ausgabeverzeichnis C:\Lab\Outputs\A1 eine Datei entstanden ist. Der MFT-Eintrag dokumentiert jedoch weder den erzeugenden Prozess noch die konkrete Dateioperation, die zu diesem Zustand geführt hat. Die beobachtete Ergebnisdatei stellt deshalb einen begrenzten Hinweis auf die ausgeführte Handlung dar, ohne die Handlung selbst unmittelbar zu protokollieren. Für A2 gilt dieselbe Einschränkung. Die $MFT zeigt die Datei C:\Lab\Outputs\A2\a2_download_test_v1.txt und deren Erstellungszeitpunkt, enthält jedoch weder die Quell-URL noch Netzwerk-, DNS- oder Prozessinformationen. Aus dem MFT-Befund allein kann deshalb nicht festgestellt werden, dass die Datei über HTTPS heruntergeladen wurde oder von welcher externen Quelle sie stammt. Die konkrete Ergebnisdatei liefert somit einen begrenzten Handlungskontext, reicht aber nicht für einen unmittelbaren Nachweis der Downloadhandlung aus. H2 wäre daher zu hoch. Insgesamt ergibt sich für sämtliche 72 erfolgreichen MFT-Befunde einheitlich das Profil K0 T2 U0 A0 H1. Die Detection Reliability von 3/3 in allen 24 Kombinationen zeigt, dass die definierte Ergebnisdatei unter den kontrollierten Versuchsbedingungen zuverlässig als dateisystembasierter Befund nachweisbar war. Die $MFT besitzt dabei einen starken Zeitbezug, liefert jedoch keinen eigenständigen Nachweis der ausführenden Komponente, des Benutzerkontexts oder des konkreten Aufrufs und bildet die ausgeführte Handlung nur über das entstandene Dateiergebnis begrenzt ab.
